customer_id,name,email,phone,address,join_date
1,Allison Hill,donaldgarcia@example.net,296-500-1338,"79402 Peterson Drives Apt. 511, Davisstad, PA 35172",2025-03-10
2,Monica Herrera,smiller@example.net,(993)710-3413x164,"41928 Frank Light Suite 835, East Lydiamouth, MO 35594",2025-07-01
3,Thomas Bradley,jason76@example.net,(842)738-8496,"710 Eric Estate, Carlsonfurt, MS 78605",2024-10-26
4,Kendra Maddox DVM,frazierdanny@example.net,001-551-446-2704x82814,"809 Burns Creek, Natashaport, IA 08093",2024-01-02
5,Keith Miller,wcabrera@example.net,(578)624-8963,"8713 Caleb Brooks Apt. 930, Lake Crystalbury, CA 04618",2023-05-28
6,Andrea Young,ilewis@example.net,001-773-876-3116,"106 Mcbride Coves, East James, NV 18874",2025-04-19
7,Donald Wright,ramosmichelle@example.net,5808132677,"PSC 2606, Box 4746, APO AP 96249",2023-04-15
8,Kristi Higgins MD,jeff09@example.net,2503097882,"136 Shelly Port, New Brooke, RI 11246",2025-03-05
9,Kevin Mills,james53@example.com,(347)351-0799,"51354 Samuel Plains Suite 980, Sarahville, FM 18102",2024-07-20
10,Steve Newton,josephjacobs@example.net,248.274.0164,"427 Hoffman Creek, Lake Rebeccaside, AZ 48894",2024-04-29
11,Brittany Anderson,michael05@example.org,415.886.9232,"3421 Brennan Walks Suite 337, Kevinbury, IN 03602",2025-10-08
12,Jennifer Ramirez,rasmussenjoshua@example.net,(785)701-4294x0196,"9340 Smith Valley, West Ryan, TN 43780",2025-01-13
13,Mary Martinez,william65@example.com,682-636-6299x4680,"7738 Leon Underpass Apt. 148, Clarencebury, TX 41188",2025-11-01
14,Curtis Johnson,traceycarr@example.org,(993)267-6320x16328,"2788 Dodson Mills, Rivasside, NV 21362",2024-10-21
15,Karen Green,maryramirez@example.net,+1-434-571-4345x5812,"316 Rivera Mountain, Brownchester, MS 77057",2024-12-05
16,Alicia Gilmore,wwoods@example.com,(488)993-7346x70656,"PSC 9806, Box 9901, APO AP 56680",2024-07-11
17,Joel Williams,dmurphy@example.com,001-264-564-1708x05310,"232 Caldwell Port, South Holly, WI 48852",2024-04-21
18,Lawrence Adkins,stricklandfrank@example.com,001-504-396-6319,"919 Michael Meadow Suite 185, Port Robertfort, CT 57323",2023-04-30
19,Madison Poole,ryangross@example.net,+1-587-976-9453x147,"0752 Lewis Union Suite 549, Angelahaven, ID 11722",2024-01-07
20,Jason Peters,hannahbrewer@example.com,9147363495,"7444 David Fields Suite 182, East Joanna, KY 95473",2024-10-10
21,Paige Carlson,wallkenneth@example.com,608-924-0084x2710,"04711 Vasquez Ports Apt. 229, Christopherbury, DE 73648",2023-08-19
22,Lisa Gibbs,kimberlyjames@example.com,001-564-699-0913,"28120 Hayes Ranch, Carterbury, LA 93163",2024-02-18
23,Scott Jones,sandrafrench@example.net,+1-636-918-3242x10249,"648 Kim Rapid Apt. 659, Anthonybury, TX 75893",2025-05-18
24,Alicia Hubbard,barbara27@example.net,342.496.7175x655,"6807 Leonard Islands Apt. 680, Gutierrezborough, NC 47920",2025-08-22
25,Kathleen Ramos,harrisandrea@example.com,001-371-509-3248x086,"Unit 1712 Box 7484, DPO AA 63743",2024-09-24
26,Mrs. Kristen Reyes,michellehill@example.com,840.944.9972x78755,"USNS Pollard, FPO AE 75447",2024-04-24
27,Scott Jenkins,julie66@example.net,(370)928-9517,"2174 Hanson Locks, Port Markside, MS 42006",2025-08-22
28,Stacy Freeman,williamsonjimmy@example.net,216.711.7240,"5623 Knight Turnpike Apt. 221, Harveybury, NM 76936",2024-02-03
29,Joel King,elizabeth74@example.net,(617)559-4647,"Unit 7136 Box 9594, DPO AP 39197",2025-03-12
30,Ronald Foster,knightgina@example.net,+1-274-639-5339x421,"521 Murphy Mall, East David, ND 48454",2023-01-29
31,Susan Rivas,robin74@example.net,871-223-6851,"5496 Rodriguez Fort, Johnsonside, MD 80465",2024-04-23
32,Arthur Colon,debra12@example.org,471-813-8267x5869,"640 Robinson Mills Apt. 515, Bruceview, ID 16512",2023-01-10
33,Samantha Davis,darleneharper@example.org,232-693-1839x33529,"84210 Alexis Turnpike, New Mario, HI 35283",2023-01-31
34,Patrick Fox,alvarezkimberly@example.net,278-239-0847,"Unit 6617 Box 7115, DPO AP 19943",2025-05-24
35,Donald Schultz,oscar98@example.com,896.311.8367x36576,"452 Jones Village Apt. 161, Lisaside, AR 77370",2024-10-18
36,Kristina Santiago,qgomez@example.com,794-351-9832x7315,"8998 Chelsea Shoals, Anthonyview, UT 41000",2023-02-01
37,Heather White,ashleymorales@example.org,7186366752,"22901 Ramos Manors, Lawsonchester, KY 28756",2025-07-24
38,Ashley Jordan,erika97@example.net,703-369-0034x3244,"26838 Jones Wall Apt. 607, Port Lawrencechester, OK 53509",2025-09-15
39,Jennifer Wilson,burchgeorge@example.net,001-651-761-3696x816,"81883 Bell Viaduct, East Curtis, KS 26357",2024-10-28
40,Christian Malone,thompsonkendra@example.com,001-699-279-9552x71774,"7700 Decker Club, New Brookefurt, NH 76565",2024-11-03
41,Rebecca Huang,kstout@example.net,997-982-0715x18203,"5466 Shelton Center, Cameronville, OH 89417",2023-09-02
42,David York,mathewaguilar@example.org,762-291-4865x2816,"57332 Chris Vista, New Kellihaven, AZ 87261",2024-05-10
43,Ralph Anderson,lmoore@example.net,(970)565-3794,"3597 Hammond Tunnel Suite 886, Port James, PA 18641",2025-07-11
44,Amy Castillo,angela18@example.org,924-778-2613,"USCGC Brown, FPO AP 49516",2024-01-30
45,Zachary Brooks,florescory@example.net,522-404-7277x90104,"43410 Robert Underpass Suite 117, Lake Zacharybury, VT 19319",2025-08-19
46,Aaron Gomez,qlopez@example.org,(718)688-8806x706,"53195 Bradley Plains Suite 277, Port Dennis, VT 60489",2025-02-04
47,Dakota Moody,stewartkyle@example.com,940.834.5054x1566,"7584 Jessica Common, Morrisonburgh, ND 39005",2025-03-06
48,Bobby Guerrero,sean62@example.net,(470)259-6401x658,"21355 Herring Bypass Apt. 755, Hinesshire, DC 69898",2024-10-03
49,Ernest Ramirez,johnsonjacob@example.net,+1-514-347-3947,"2715 Mckinney Plaza, Patriciaburgh, VT 93504",2024-07-07
50,Marcia Leon,davidharris@example.org,805.989.5782x9114,"125 Shannon Springs Suite 289, Port Tammy, NE 66412",2023-11-16
51,Amy Martinez,kevinmartin@example.net,(384)414-3842x498,"99590 Christopher Row, Debrashire, MT 81517",2023-10-30
52,Kathleen Burton,dawn47@example.org,(447)710-2767x7359,"562 Robertson Coves Suite 371, Shannonberg, CT 07133",2025-10-13
53,James Gilbert,sydneybarrera@example.com,001-953-527-8774x7016,"04797 Herrera Vista Apt. 624, Kathrynstad, AZ 53006",2025-04-29
54,Justin Cox,charles87@example.net,+1-891-221-6558x523,"578 Hernandez Passage, West Sarah, MD 21800",2024-01-22
55,Luis Kirby,william88@example.com,570-255-1694x0974,"962 Anthony Squares, East Andrewmouth, MT 20349",2025-04-06
56,Damon Shaw,vsalas@example.net,001-728-738-5786x527,"733 Grant Fork Suite 437, Timothyside, WY 95090",2023-02-18
57,Bryan Rhodes,zhuang@example.com,604-415-7473x3848,"08330 Robert Stravenue, Garciaberg, AL 72636",2023-06-29
58,Brooke Delgado,mwoods@example.com,401-693-8026x2067,"9915 Gibson Row, Smallberg, PR 66589",2024-03-26
59,Corey Rodriguez,jessicawong@example.net,7543932966,"27530 Reyes Mission, Stephanieport, OR 95250",2023-08-30
60,Deborah Ward,bryanwilson@example.com,(784)814-5933x2727,"339 Alicia Pines Suite 191, Port Amyhaven, ID 75566",2023-07-20
61,Carmen Bond,nwilson@example.net,918.670.7286x7908,"0391 Rodney Squares Apt. 801, Johnsonchester, HI 18251",2025-05-07
62,Veronica Brewer,ybrooks@example.com,(218)625-1286x8230,"633 Reed Harbor Apt. 106, East Jamieville, PA 04901",2024-06-22
63,Michael Brennan,joymorales@example.org,702.584.3959,"836 Hill Point, Lake Erika, OH 65463",2025-03-01
64,Gregory Schneider,ufloyd@example.net,(824)862-8733x42708,"3435 Sandra Vista, Christopherborough, AR 35688",2024-08-21
65,Larry Williams,lopezkathleen@example.net,+1-337-935-4033,"PSC 9363, Box 8546, APO AA 70447",2025-09-22
66,Elizabeth Ward,zowens@example.net,001-853-655-6093x20489,"69378 Scott View Suite 772, Garyside, NM 24624",2024-11-12
67,Kimberly May,warrenmary@example.org,9067231203,"700 Smith Pines Suite 840, Drakeburgh, CT 13125",2025-09-17
68,Daisy Harvey,lisa46@example.org,(979)233-4101x6668,"76591 Jerry Ways, Nelsonland, TX 37250",2024-06-15
69,Kristy Johnson,alexis39@example.org,842-493-9685,"501 Hall Club, Cassiefurt, WI 43279",2024-07-24
70,Donald Riddle,jperez@example.com,(696)419-4311,"655 Christopher Inlet, Wardview, CT 17868",2024-09-14
71,Jeffrey Hawkins,fgarcia@example.com,399-556-0466,"622 Turner Park, North Gary, KY 55695",2025-03-23
72,Richard Ward,jennifersimpson@example.net,812.440.6596x575,"5265 Navarro Roads, Faulknerbury, MD 49791",2023-09-13
73,Richard Diaz,brittanygardner@example.net,6735741672,"661 Ewing Neck, Fergusonchester, ND 05319",2025-03-17
74,Heather Woodard,rodriguezjohn@example.net,(390)696-5610,"5679 Michael Burg, Garciachester, PW 11754",2024-05-18
75,Todd Thomas,matthew38@example.com,517.475.1401x0512,"673 Soto Ferry Suite 609, South Brittany, MS 01084",2024-05-08
76,Christine Goodwin,raylauren@example.net,(853)371-4785x969,"249 Emily Island Apt. 341, West Heather, NY 51417",2023-08-31
77,Chad Reyes,tommymedina@example.net,+1-227-742-2579,"USCGC Taylor, FPO AA 74108",2023-08-10
78,Kathleen Cohen,cmckinney@example.com,690-434-0438,"819 Joseph Plains Suite 807, South Curtis, MP 86179",2023-07-31
79,Elizabeth Kidd,fbaker@example.com,001-733-695-9629x23309,"4494 Derek Terrace, Sellersview, VI 86470",2023-05-15
80,Sean Wright,maria67@example.org,+1-746-267-1168x4577,"751 Robinson Meadow, South Joseph, MP 37672",2025-04-28
81,Kenneth Knight,rkramer@example.org,570-412-7706,"41541 Beck Run Apt. 064, South Diana, VT 12976",2023-01-24
82,John Anderson,aprilwallace@example.org,416-827-1361x11554,"218 Chelsey Expressway, Bellborough, SC 98578",2025-10-29
83,Jason Parks,christophergarcia@example.org,001-665-265-2341x3899,"89836 Lucas Tunnel Apt. 761, South Danielle, CA 69744",2025-05-17
84,Alexandria Ward,david96@example.com,+1-627-810-9104x30068,"88924 Kyle Pass Apt. 285, Willisland, ME 92077",2025-03-11
85,Troy Allen,christopherhamilton@example.com,+1-604-421-0202x758,"105 Nelson Circles Suite 917, Dixonton, NM 74803",2025-06-22
86,Christopher Ayala,perezwilliam@example.org,807.556.2208,"541 Wilson Spring Apt. 238, South Caseymouth, VI 37503",2022-12-03
87,Emily Miller,msmith@example.com,293-575-9738x3206,"0641 Alyssa Freeway, Vasquezton, FL 93778",2025-04-07
88,Andrew Hall,xhaynes@example.com,001-818-426-1990,"6557 Hall Flats Apt. 912, East Shannonmouth, MT 16326",2023-03-25
89,Traci Clark,steven11@example.org,690-435-2135x6804,"8831 Garcia Underpass Apt. 100, East James, MO 49291",2025-10-14
90,Teresa Miller,samantha10@example.org,+1-972-215-1070x2966,"53244 Stephenson Bypass Apt. 476, Brownview, MS 18488",2023-09-17
91,Marvin Robles,crystalpham@example.org,001-257-787-5985x642,"0785 Terri Courts, Lake John, ND 97108",2024-06-30
92,Zachary Robinson,lkelly@example.org,001-555-990-5992,"0103 Andrew Neck, West Samanthaborough, AS 17604",2023-11-16
93,Christopher Lang,brian29@example.net,001-818-951-5691x54522,"895 Elizabeth Via, South Kurt, UT 39103",2023-06-22
94,Nicholas Rush,xrosales@example.net,(795)393-9172,"15704 John Cliff Suite 410, South Samuelchester, GA 54767",2023-01-03
95,James Payne Jr.,kkramer@example.net,327.310.4054,"18159 Bush Meadows Apt. 962, North Markborough, MT 91883",2025-10-16
96,Tammy Fernandez,kenneth10@example.com,+1-972-505-0614,"41714 Ruiz Shore, Christopherside, MS 24733",2025-04-20
97,James Lopez,bakersteven@example.org,001-502-211-5869,"793 Evans Locks Apt. 898, North Stacy, NV 23160",2024-01-05
98,Carol Lewis,davidhenderson@example.net,829.745.1168,"99861 Hernandez Port Apt. 191, Mikaylastad, FM 54357",2024-09-20
99,Matthew Armstrong,rjohnson@example.com,+1-796-606-5307x450,"132 Mccann Mills Suite 469, East Scottchester, WA 64000",2023-06-25
100,Sharon Nicholson,cameronmckinney@example.com,001-689-702-3303x07053,"103 Burns Mission Apt. 798, Maxview, WA 90790",2023-06-12
101,Alexander Williams,mercedesholland@example.net,668-600-7229x034,"7437 Byrd Views Suite 910, Annaport, ME 90208",2023-10-01
102,Arthur Mcneil,michelle44@example.org,230.596.5207x44666,"875 Bruce Ville, West Connor, DC 97614",2023-07-04
103,Robert Hines,staceylam@example.net,653.946.5549,"99917 Vincent Ways Suite 846, Port Melissaberg, ID 45415",2023-04-01
104,Keith Knox,tthomas@example.org,352.450.0743x2927,"6760 Amanda Street Suite 058, North Erica, SC 96655",2023-03-19
105,Michael Cooper,curtisgordon@example.com,804-447-8985,"3260 Jeffrey Curve Apt. 098, North Michael, SD 05398",2023-07-31
106,Martin Wise,wheelerbrandon@example.org,9014676184,"6184 Robert Cove, West Danielville, NM 26538",2025-08-25
107,Paula Decker,michaelortiz@example.org,+1-373-975-3001,"114 Stephen Hill, Stevenville, GU 23399",2023-01-14
108,Sarah Ward,ronald11@example.org,(725)457-9415,"4676 Daniel Square Apt. 216, Phammouth, HI 80628",2022-11-29
109,Ian Johnson,timothyfreeman@example.com,7143508993,"5628 Alexander Estate, Christianburgh, CA 98992",2024-09-28
110,David Cordova Jr.,andreagray@example.org,879.871.7751x701,"99488 Diamond Motorway, Michaelton, GU 29719",2023-03-16
111,Evelyn Saunders,xmoran@example.net,713-305-5488,"2614 Jacob Walk, Lewisborough, VT 44794",2024-10-16
112,Jason House,bartonshannon@example.net,427.308.0869x78292,"669 Joshua Junctions Suite 722, Morrisonhaven, ME 92447",2025-05-17
113,Emily Doyle,jamesweber@example.com,(822)688-5158x799,"81062 Ellen Flats Suite 244, Port Bryan, WY 39185",2025-10-15
114,Joshua Howard,rgarcia@example.net,886.738.4066,"Unit 0043 Box 9735, DPO AP 72146",2025-04-04
115,Christina Hardy,kellythompson@example.net,(628)416-0648,"57202 Carlson Trail Suite 798, Charlesmouth, NC 29331",2023-03-09
116,Kelly Hartman,robertherrera@example.org,935.255.4398,"3993 Felicia Islands Suite 164, Angelhaven, GU 49647",2024-05-09
117,Katie Tucker,rachel35@example.net,328-580-1336,"120 Love Camp Apt. 102, Angelashire, GU 30338",2023-03-21
118,Jennifer Hayes,bhamilton@example.com,380-691-9015,"147 Foster Shore Apt. 728, East Julie, WY 72030",2025-09-24
119,Mark Evans,susan08@example.net,600-599-6881,"68222 Christina Glen Apt. 129, Port Karenside, NH 84999",2023-06-21
120,Donna Jones,gonzalezbeverly@example.com,(931)749-1357,"929 Aguirre Meadow Apt. 053, Lake Jodi, NE 36765",2024-05-21
121,Brandy Quinn,wford@example.com,+1-612-391-4283,"099 Hammond Forest, New Jorgeside, NJ 86210",2024-12-09
122,Holly Walker,dennis88@example.org,(480)939-2827x229,"USS Robinson, FPO AA 30876",2024-07-22
123,Jacob Williams,aprilmoody@example.com,800.851.8449x892,"463 Gomez Ways, Tommyfort, FM 79696",2024-11-12
124,Stephen Gonzales,chrisschneider@example.org,(925)991-3651,"603 David Ramp, East Crystal, AZ 75509",2023-07-05
125,Christopher Nielsen,kgreene@example.net,001-441-637-9772x3692,"9913 Cruz Coves Apt. 388, Serranoville, HI 62874",2022-12-12
126,Linda Rich,davisdonna@example.net,9688650863,"2473 Justin Wells, Scotttown, VT 97972",2025-02-28
127,Laura Wilson,brooksjamie@example.com,(612)869-4486x959,"872 Hansen Orchard Suite 495, Fitzgeraldville, WA 30617",2024-08-10
128,Michael Martin,williamhartman@example.net,001-602-560-1279x611,"669 Dawson Ranch, Port Lorifort, NV 01904",2025-06-24
129,Matthew Lara,james98@example.net,692.805.3021,"9380 Samantha Plaza Suite 895, Sylviaview, IN 79978",2025-11-03
130,Jordan Powell,greenrichard@example.org,684-951-8489,"Unit 9735 Box 7790, DPO AA 15740",2025-03-30
131,James Kramer,ericahall@example.com,(488)904-3416x518,"423 Mclaughlin Freeway, Port Joseph, IN 27078",2024-08-15
132,Sara Kelly,wilsonchristian@example.net,+1-408-607-5957x947,"86780 Long Spur, South Tiffany, UT 68423",2024-12-18
133,Michael Smith,nicolasgarcia@example.com,828-543-4795x527,"6472 Tiffany Spur Apt. 143, Chaseborough, FL 97303",2025-06-22
134,Robert Thompson,otaylor@example.net,001-657-944-8906x1203,"5455 Cooper Loop, West Michelleborough, OK 75984",2025-02-20
135,Kimberly Krause,michael87@example.net,869-347-2256,"55449 Nelson Mills Suite 987, Jacksontown, DC 95891",2024-10-08
136,David Manning,clarkrandy@example.org,680.506.8114x9216,"2282 Austin Knolls Suite 778, Amyberg, UT 71186",2023-02-21
137,Kyle Welch,omills@example.net,(278)231-7456x424,"4780 Arroyo Neck, Albertchester, AS 38894",2024-03-09
138,Rebecca Kelley,robertcastro@example.com,(666)634-1638,"3122 Rodriguez Motorway Suite 497, West Andrew, AR 70620",2023-12-07
139,William Campbell,jenniferacosta@example.org,(907)235-6475,"46187 James Ville, Lisatown, DE 94175",2023-04-03
140,Ray Ramos,gonzalezjill@example.org,+1-537-764-5208x81474,"36502 Richards Locks, North Tanya, OR 91039",2025-01-31
141,Kyle Watson,wrightvincent@example.net,500-252-8127x35857,"240 Mann Points Suite 873, New Michael, VA 61894",2025-07-02
142,Ronald Rocha,caseymoore@example.com,+1-757-508-6209,"863 Cannon Drives, Marcusmouth, DE 13117",2023-12-28
143,Andrea Conley,gregoryjohnson@example.org,610.296.7899,"37170 Grant Mall, Lauraton, GU 81363",2024-12-06
144,Andrew Jones,christian38@example.org,001-338-763-3839x2886,"22868 Sandoval Place Suite 558, Meganchester, WV 83501",2023-04-20
145,Nicholas Franklin,nicholaspierce@example.net,(277)660-0490x824,"Unit 3504 Box 8889, DPO AP 20779",2023-12-13
146,Joe Moore,michael93@example.org,619-269-3157x2791,"05566 Molly Forks Apt. 604, West Amberberg, MD 66351",2023-12-17
147,Brittany Nunez,wmaddox@example.net,813.664.6225x17908,"227 Tony Run Apt. 898, East Charles, WI 56870",2025-04-25
148,Thomas Davis,whenderson@example.org,(590)542-5979x270,"110 Stacy Drive, Alexanderville, ME 59491",2024-03-26
149,Gary Singh,jamesmills@example.com,692.206.9804x2043,"64510 Dillon Run, Hallfurt, NY 93521",2025-03-15
150,Ethan Delacruz,lopezvincent@example.com,001-700-738-4576x205,"404 Zamora Via, New Stacybury, FL 45299",2025-04-02
151,Mary Miller,rmeyer@example.net,+1-436-539-2649x57823,"826 Diana Port Apt. 518, East Lonnieberg, VA 04365",2025-07-12
152,Sheryl Gutierrez,vturner@example.net,(531)522-0994,"1728 Joseph Landing, Port Paul, NJ 18525",2024-01-13
153,Darrell Ortiz,schaeferstephanie@example.org,531.827.9757,"656 Abigail Mission, Wilcoxton, FM 32708",2025-09-21
154,Jennifer Moss,oblack@example.org,976-944-7264x9082,"98266 Hayes Fall, Garzaborough, FM 60097",2023-09-04
155,Fred Wong,jennifermartinez@example.org,+1-751-486-8926x8602,"06447 Sims Crest, East Adam, WV 33676",2024-10-12
156,Jonathan Jimenez,franklintrevor@example.org,+1-577-267-1990x38498,"502 Elizabeth Villages, Markland, AR 14773",2025-05-16
157,Christopher Powers,tammycurry@example.com,645-956-1681,"8683 Cheryl Coves Apt. 794, Lynchmouth, KS 69365",2023-01-08
158,Lisa Ho,ostone@example.com,(393)543-0107,"0558 Alex Flats Suite 414, Williammouth, WI 01304",2024-12-18
159,Gary Foster,collierjames@example.com,670.727.2785x7608,"95512 Pittman Junction, Simsburgh, OK 79889",2025-09-23
160,Kurt Hancock,janet50@example.com,473-357-4384,"17807 James Orchard, Kimberlyberg, WI 13379",2024-08-17
161,Teresa Rhodes,jamiejohnson@example.com,304-609-1570,"353 Justin Place Suite 714, East Joshua, AL 82151",2025-02-02
162,Ashley Daniels,joseph49@example.org,949-258-7020,"66299 Jensen Inlet, Lisaside, CO 99557",2023-08-07
163,Laura Davis,tdavis@example.net,001-777-933-2945x625,"1577 Justin Keys, New Dakota, GU 94122",2025-08-11
164,Erika Banks,amanda69@example.com,+1-738-527-6153x966,"971 Nguyen Court, Thompsonfurt, CA 78916",2023-11-19
165,Robert Wise,pmurphy@example.net,632-890-2278,"35494 Robbins Key Apt. 909, Abbottport, AR 48895",2023-02-17
166,Tracy Smith,daniel40@example.org,001-496-556-6668x327,"2422 Charles Brook Apt. 762, East Dawnchester, VI 60273",2024-09-14
167,Melissa Conrad,shawncoleman@example.com,(732)269-0973x846,"Unit 9751 Box 9712, DPO AP 96353",2024-07-03
168,Shannon Christensen,steven18@example.net,271.989.4905,"565 Roberts Camp Suite 940, Laneshire, AR 86526",2023-03-31
169,Rhonda Weber MD,martinezchase@example.com,(494)944-0192,"3728 Matthew Corner, New Sarah, FL 65505",2023-12-10
170,Jennifer Reyes,kbarber@example.org,001-550-841-0276x7478,"4286 Keith Union Suite 658, North Samanthastad, PR 57096",2025-04-29
171,Marissa Nelson,joseph14@example.net,(273)893-8525x8001,"753 King Bypass, New Christopherborough, PA 84135",2025-05-09
172,Tyler Miller,nicholasgallagher@example.net,(812)744-7174,"0665 Jonathan Via, Gregoryland, NM 26803",2025-04-11
173,Cassandra Vasquez,amberreynolds@example.net,974-210-1194,"PSC 2006, Box 4256, APO AP 00986",2025-08-09
174,Teresa Henry,upowell@example.org,606.871.9855,"8517 Holland Fall, South Donnaport, UT 51632",2025-03-02
175,Lydia Howard,mccluresamuel@example.org,6309937618,"05050 Wilson Valley Suite 829, North Benjamin, FL 64581",2023-06-19
176,Kaitlin Hardin,sanchezdeborah@example.org,+1-504-317-9291x1179,"6519 Marc Underpass Apt. 092, Bryanview, FL 99794",2023-08-08
177,Michael Tran,lsanchez@example.org,496-320-7100,"7232 Mills Loop Apt. 290, Lake Vincent, CO 82708",2023-06-09
178,Elizabeth Barnes,jamesdowns@example.org,(988)437-3403x127,"54364 Jensen Trace, Williamston, ND 23554",2025-07-02
179,Allen Robertson,jacobsonjennifer@example.net,363-953-1531x36363,"2397 Paul Dale, Cortezstad, KY 27005",2025-05-02
180,Andrew Carroll,derek77@example.com,001-953-549-2929x83168,"0633 Hamilton Forges Apt. 906, North Vickiehaven, AZ 56298",2023-08-06
181,Karen Yates,chavezjohn@example.net,001-963-225-4310x742,"Unit 7262 Box 5701, DPO AA 91039",2022-12-03
182,Andrew Simmons,helen98@example.net,+1-719-750-8501x65790,"325 Amber Run, Mclaughlinshire, VI 92624",2023-10-01
183,Patrick Perez,rachael86@example.com,655-977-8817,"71162 Mullen Club, East Joshuaberg, NM 20227",2023-02-06
184,Kelly Burton,robert82@example.com,(970)943-1038x56955,"2437 Arellano Trail, East Michaelmouth, GA 81586",2024-05-05
185,Michelle Mitchell,maryschwartz@example.net,(731)405-9274,"552 West Estates, Davidtown, MO 65960",2023-07-10
186,Theresa Reilly,adamrodgers@example.net,+1-347-649-2975x1702,"5150 Brandy Forges, Jamesland, ND 58888",2024-04-11
187,Tina Daugherty,ulee@example.net,905.362.6565x04554,"674 Linda Manors Suite 299, East Jaredfort, VI 69353",2025-06-10
188,Mrs. Toni Avila,smithdanielle@example.com,(987)292-3264,"478 Walker Turnpike Apt. 244, Martinezport, MT 24011",2024-08-18
189,Michael Sanchez Jr.,trevor19@example.net,001-279-664-7158,"57252 Joseph Manor, Brandonport, NC 84248",2024-05-28
190,Kayla Miranda,kathygeorge@example.org,754-945-1895x20284,"32833 Robert Club, Port Davidtown, NJ 46141",2025-03-07
191,Jack Montoya,gerald40@example.net,822.334.2321,"0310 Taylor Glen Apt. 140, Port Davidborough, OR 26718",2023-05-17
192,Gregory Davis,stacy55@example.org,001-293-389-1190x83342,"PSC 8759, Box 2712, APO AA 50257",2024-12-30
193,Jose Russell,david18@example.org,001-954-580-1571x64794,"3175 Alexander Spring Suite 167, North Douglasfurt, UT 77906",2024-12-23
194,Natalie Stafford,calvinhester@example.com,+1-961-836-7499x465,"Unit 8427 Box 1147, DPO AA 30755",2023-09-21
195,Brandy Garcia,greertyrone@example.org,(695)924-9911x8773,"588 Stephanie Bypass Suite 167, Melissamouth, NH 05217",2023-08-19
196,Justin Dalton,nicole27@example.com,267-819-7889x7782,"545 Anthony Cape Apt. 559, Port Patriciamouth, MS 13260",2023-06-10
197,William Jenkins,stanleyjohn@example.net,001-711-241-5208,"864 Heather Radial Apt. 569, Morrisville, AS 64511",2024-03-12
198,Michael Rogers,garrett45@example.com,318.734.4049x6391,"3514 Reynolds Plains Suite 366, Colleenmouth, TN 72271",2023-09-23
199,Albert Warner,barbaralewis@example.net,489-669-0835x723,"1364 Lucas Glens Apt. 631, East Anthony, AS 41204",2024-11-08
200,Justin Graham,harrisjoseph@example.org,882-707-0015x941,"2319 Alejandra Village, Tylerland, IA 79120",2023-12-20
201,Robert Murphy,vshaffer@example.org,221.923.4764,"8673 Suarez Drive, Thomasstad, GU 40893",2024-08-31
202,Walter Obrien,vazquezkristina@example.org,+1-264-851-8376,"PSC 4413, Box 4327, APO AP 42074",2023-12-11
203,Pamela Sullivan,hillchristopher@example.com,001-765-961-2481x5698,"272 Richard Road, Leeland, DE 21187",2024-11-14
204,Micheal Saunders,melaniejennings@example.com,824.529.5431x6526,"931 Gonzalez Squares, North Richard, NE 79195",2024-10-15
205,Brandon Richardson,smithalicia@example.com,513.633.4476x2639,"2620 Cherry Freeway, Solomonstad, OR 90189",2025-09-25
206,Angelica Harrison,terri63@example.net,001-769-241-1800x537,"6528 Beverly Green Apt. 875, Andersonmouth, VT 70024",2024-07-01
207,David Edwards,victormcpherson@example.com,(244)594-8562x57287,"07427 Wilson Park, South Michaelside, NM 60500",2024-05-27
208,Ryan Camacho Jr.,harrisjustin@example.org,999-339-0892x613,"1659 Mary Drives, North Stevefort, NH 82860",2025-01-12
209,Linda Smith,douglasstephanie@example.com,(830)345-0189,"61032 Chan Haven, North Kenneth, AS 57171",2025-04-16
210,Tammy Mckee,michaeldavis@example.com,377.867.4996,"6108 Mcpherson Springs, Lake Gina, FL 65423",2025-01-18
211,Maria Miller,zkim@example.com,(324)238-6490,"1794 Scott Common Apt. 172, Port Phillip, CO 55059",2024-02-23
212,Elizabeth Matthews,ctodd@example.net,223-421-9416x80061,"697 Montgomery Ridges Suite 641, East Alexander, DE 02583",2023-12-30
213,Chelsea Johnson,pwong@example.org,+1-983-914-7276x0122,"334 Williams Branch Apt. 667, Benjaminfurt, NM 67787",2024-09-20
214,Lisa Gregory,dhall@example.net,(295)481-4671x79576,"5738 Briana Spur, Sandramouth, DC 38956",2022-12-13
215,Jeanette Butler,laura29@example.org,001-617-522-3297x167,"54522 Lindsay Junction, Wilsonbury, DE 74161",2024-01-26
216,David Peterson,kayla84@example.org,391.407.7119x91808,"2478 Oconnor Courts, Lake Michael, GU 18559",2025-10-21
217,Dakota Montes,sanchezlisa@example.com,821.845.6532x86326,"PSC 8507, Box 2081, APO AE 44843",2024-02-02
218,William Martin,longbenjamin@example.net,001-708-246-6845,"673 Terry Valleys, Roweport, CO 05346",2023-07-06
219,Jean Higgins,abigailfernandez@example.org,384.285.2008x94346,"851 Katherine Crossing Suite 490, Morganbury, AS 98249",2023-04-07
220,Krystal Kline DDS,michaelmitchell@example.net,+1-826-883-1589x35712,"2737 Mike Pine, Chapmanhaven, WI 52245",2025-04-21
221,Lauren Fields,fbarker@example.net,(328)527-7288,"285 Carolyn Lodge, North Mikeport, AZ 69022",2024-08-22
222,Jacob Ritter,kelly02@example.org,(904)643-2701x85106,"7922 Gill Shores Suite 251, Hughesfurt, MA 71410",2025-05-17
223,Michael Ramos,debbie20@example.net,001-948-218-1398x90983,"43397 Lindsay Rest, Richardton, NM 03550",2025-07-19
224,Christopher Johnson,patrick11@example.org,(442)224-1246,"00461 Thomas Islands Suite 610, East Karen, OR 31498",2025-03-04
225,Paul Cruz Jr.,floresangela@example.org,4636048913,"83258 Kimberly Plain Suite 870, Port Stevenport, SD 22440",2024-12-05
226,Timothy Olson,mary65@example.net,001-384-802-8914,"846 Cheryl Unions, Nicolemouth, SC 34758",2023-10-10
227,Michelle Nelson,matthew79@example.com,001-320-397-0026x876,"156 Hughes Villages Apt. 175, South Albert, WA 03093",2022-12-08
228,Melanie Fletcher,christopheraustin@example.com,575.804.7930,"872 Donna Port Apt. 192, East Jordanshire, PR 30380",2023-10-23
229,Monica Hill,braunheather@example.net,987-906-0566x418,"304 Patel Island, South Jamesland, FM 75450",2025-06-25
230,Wanda Perez,prosario@example.org,541-710-7609x54317,"319 Duran Road Suite 911, North Nicholasland, WY 17217",2023-07-27
231,Robert Brown,rjones@example.org,2469619639,"915 Shawn Isle Apt. 110, New Kristineborough, MH 75633",2025-03-31
232,Jordan Kelly,chardy@example.org,(600)424-9685,"545 Zachary Shoals Apt. 038, South Mauriceborough, SC 26880",2023-11-26
233,Gloria Contreras,vgreene@example.net,994-565-2170x73033,"636 Margaret Avenue Suite 015, New Dariusport, NV 25981",2025-04-11
234,Susan Ward,gonzalezjustin@example.org,001-825-383-2302x4102,"7355 Shelley Union, Johnsland, DE 19432",2023-12-26
235,Bianca Lopez,ubenson@example.net,+1-430-999-3842x5304,"9128 Potter Rue, Victormouth, HI 42683",2024-09-11
236,Kelly Webb,lwells@example.com,001-603-833-7363,"4812 Kenneth Path, Jerryton, NH 67644",2025-08-01
237,Jessica Mcdonald,frichardson@example.com,(302)673-4151x4888,"PSC 1115, Box 0835, APO AE 88988",2024-01-12
238,Eric Ochoa,james92@example.net,804-545-6690x782,"3898 Sharp Mountain, Latoyamouth, PR 25122",2025-03-06
239,Tom Butler,jcole@example.org,(892)840-7553,"845 Ashley Bypass Apt. 259, Bairdborough, MO 08851",2024-06-18
240,Chelsea Rodriguez,tfowler@example.org,382-809-7023,"8170 Stone Extension, Michelechester, MO 21083",2023-08-07
241,Betty Barnes PhD,nfriedman@example.org,267-429-9493x8743,"385 Stevens Ports Apt. 147, Isabellaport, MO 80851",2023-09-29
242,Sarah Perry,rachelquinn@example.com,+1-829-316-0324x84137,"Unit 1185 Box 6724, DPO AE 66831",2024-07-03
243,Alexander Fowler,vjames@example.com,(500)941-2577x7118,"20912 Martinez Streets Suite 210, Ericstad, HI 28900",2023-09-11
244,Stephanie Patel,ohorton@example.net,+1-516-347-0900x63353,"53131 Jennifer Cape, Huntmouth, MD 74170",2025-08-05
245,Lori Villa,hmcmillan@example.org,555-920-6506,"950 Nicole Loop Suite 971, West Susan, PA 43014",2023-10-12
246,Miss Megan Compton,martinreid@example.net,+1-571-250-9976x83890,"3639 Brian Landing, Phillipsberg, MS 27290",2024-03-21
247,Cynthia Swanson,vstevenson@example.org,508-864-0355x33803,"0171 Brett Divide, East Christopher, OR 72439",2024-01-20
248,Tara Young,simmonsstuart@example.org,562.693.4497,"56627 Henderson Ridge Suite 270, Simmonsland, WV 39852",2023-09-16
249,Brittany Barber,oscar47@example.com,+1-597-215-2732,"6665 Burns Row Apt. 601, Frederickburgh, ID 57687",2024-06-18
250,Patricia Walton,william75@example.net,+1-466-633-7050x2497,"11669 April Field, Martinchester, KS 91181",2023-02-11
251,Walter Barrett,uwillis@example.com,495-924-3640,"686 Quinn Extension, West Jacob, DC 26455",2023-04-01
252,Mr. Brian Bradley,jacobbrown@example.org,367-791-2141x614,"7100 Walton Avenue, North Jasontown, MS 79535",2023-09-08
253,Tonya Adams,vkennedy@example.net,955-853-5669x05510,"91843 Hayes Spur, Robertsonborough, AL 84134",2024-09-11
254,Robin Smith,morgan57@example.org,269.415.6716x4932,"8727 Timothy Plains, East Jason, WV 86975",2025-06-13
255,Ashley Holder,martinsarah@example.com,547.312.8715,"686 Jeffrey Crescent Suite 111, Joyborough, WA 15719",2024-01-23
256,Bethany Edwards,aray@example.com,001-583-366-5528,"2437 Hernandez Haven Apt. 095, Wayneville, KY 93106",2023-02-18
257,Lynn Lewis,janet60@example.com,001-733-802-7642x086,"6184 Horton Fields Suite 125, Port Sarahport, NH 86305",2023-07-09
258,Chad Dominguez,phyllis33@example.net,001-405-291-2662x0157,"626 Austin Garden Suite 749, Lake Julie, WI 91175",2023-09-13
259,Megan Davis DDS,phill@example.com,9116117830,"267 Evans Crossroad, West Bryanside, HI 53628",2024-06-06
260,Alicia Hawkins,lbrown@example.net,731-329-2087,"218 York Bypass, North Williamstad, ND 22993",2025-08-22
261,Tony Smith,brandon84@example.net,229.575.8598x831,"3298 Brittany Harbors, Lake Cindy, CA 72570",2025-02-20
262,James Mckee,qbryant@example.net,001-828-431-4359x892,"0931 Martinez Creek Suite 151, Reginaview, FL 30092",2024-09-04
263,Brent Petty,nicholasgarcia@example.org,449.771.8594x84910,"USCGC White, FPO AP 89343",2023-08-13
264,Kim Wheeler,iwoods@example.com,+1-482-922-6940x53967,"Unit 7844 Box 6834, DPO AP 11896",2022-11-28
265,Jennifer Edwards,walterschase@example.org,(490)914-8706,"0930 Park Summit, Johnhaven, TX 80349",2023-04-08
266,Jerry Jackson,gregoryrichardson@example.org,(606)676-2515x381,"09634 Savannah River Suite 050, Murphystad, CT 01176",2025-01-19
267,Nathan Morales,garciatravis@example.org,826.417.0243x76545,"77225 Smith Ways Apt. 134, East Ralphmouth, MH 04643",2025-02-12
268,Cristian Mendoza,david78@example.com,001-725-268-6211x022,"56906 Roberts Oval, Port Royberg, VA 67510",2025-10-08
269,Douglas Wilson,virginia36@example.org,001-218-692-3923x126,"Unit 2609 Box 3106, DPO AA 69310",2024-11-19
270,Mark Hall,ronald08@example.com,7412454563,"53474 Ryan Glen, Coxport, DE 13200",2025-08-10
271,Melanie Townsend,markfigueroa@example.com,595.534.3961x12910,"89547 Amanda Drives, East Jamesside, VT 33600",2025-05-16
272,Olivia Mathis,patricia71@example.com,568.880.2942x4090,"78686 Lawson Ford, North Ernest, IL 78110",2023-02-27
273,Sherry Gibbs,ugordon@example.net,434-648-1230x8340,"PSC 4033, Box 8105, APO AP 79820",2023-12-21
274,Erika Potts,jennifer69@example.com,3058342408,"USNV Berg, FPO AP 79713",2024-04-01
275,Ruth Walker,james62@example.com,001-965-427-1727x2239,"2269 Chad Cliffs, Sanchezfurt, CT 95437",2023-11-08
276,Monica Morton,grayandrew@example.org,3237142900,"27972 Rivera Drives, North Amy, KY 82746",2025-08-11
277,Alisha Williams,curtis62@example.org,3369625436,"14519 Wilson Corner, New Edwardchester, NC 44389",2023-10-28
278,Meghan Hernandez,colleen45@example.org,354.810.2252x6771,"USNV Thomas, FPO AA 17217",2024-01-09
279,James Flores,aolson@example.net,323-866-8788x78836,"135 James Vista, West Angelaberg, PW 14939",2025-07-29
280,Gregory Allison,kenneththomas@example.net,833.702.1260,"917 Anthony Lakes, North John, AL 75104",2024-08-29
281,Jennifer Cannon,vmanning@example.net,476-257-0412x0092,"784 Fletcher Manors Apt. 418, Spenceberg, WA 28270",2025-11-03
282,Anthony Long,velasqueztaylor@example.com,+1-766-220-5634x1115,"113 Katherine Inlet, New James, AZ 32002",2025-08-23
283,William Cunningham,uwilliams@example.org,4543683565,"209 Woods Ways, West Evanmouth, CO 82545",2024-03-07
284,Nathan Wilkerson,kaylamartin@example.net,001-598-557-2545x9606,"Unit 9129 Box 7102, DPO AA 72215",2025-01-24
285,Rebecca Jacobson,udavis@example.org,(914)695-5112,"Unit 4721 Box 9705, DPO AA 53052",2024-02-16
286,Manuel Becker,nrichardson@example.com,268-474-0903,"2961 Paul Mountain Apt. 577, Rodriguezburgh, VA 14702",2024-06-16
287,Tammy Tate,richardbrown@example.com,237.814.7082x7235,"7303 Stephanie Spur Suite 442, East Chadfurt, CO 39604",2025-06-09
288,Jocelyn Barnes,elizabethgreen@example.org,(854)223-5677x82659,"99255 Edward Mount, South Michelle, DE 88836",2023-04-06
289,Joseph Smith,iharding@example.net,+1-591-503-3682x9635,"Unit 9055 Box 0448, DPO AE 92161",2024-10-12
290,Dr. Jason Bell PhD,wmills@example.com,(876)852-8928,"491 Linda Cove Apt. 096, South Karenside, CT 83538",2023-05-09
291,Kevin Johnson,melissa33@example.com,(613)671-5766x0538,"6306 Alexis Drives Suite 895, Georgeshire, NE 32198",2025-03-19
292,Jenna Jensen,zpoole@example.net,(362)465-8263,"482 Harris Course Apt. 609, North Christine, ND 10825",2024-09-10
293,Allison Gross,xwalters@example.com,634.338.3640,"USS Little, FPO AP 14056",2023-08-30
294,Timothy Martinez,justinkline@example.org,853.761.7061x7136,"24029 David Junctions Suite 799, East Aimeeview, DE 25777",2023-03-14
295,Kimberly Holmes,javierdiaz@example.org,923-812-4473x15847,"42346 Brandy Trafficway Suite 237, Andradechester, PA 98422",2022-12-29
296,Fernando Rodriguez,kpatterson@example.com,+1-817-220-8496x4985,"2531 Diane Landing Apt. 510, Haleymouth, IL 61498",2024-06-16
297,Erica Hall,cruzcarolyn@example.net,784-591-9665,"0461 Shawn Rapid Suite 963, West Andrewshire, AL 61026",2023-10-17
298,Ryan Powell,rogersallen@example.com,(944)955-6185x79064,"9103 Margaret Dam, West Michellechester, IN 22808",2023-04-10
299,Nathaniel Burnett,villamiranda@example.com,404-414-5964,"52967 Aimee Garden, Stanleyview, MD 96296",2023-01-19
300,Mr. Ralph Dawson,angelica33@example.net,970-330-3763,"7281 Jeffery Lakes Suite 798, Port Ricardo, CA 36917",2023-03-15
301,Michael Lynn,thomasnancy@example.net,707.624.0787,"6326 Romero Center, Nelsonville, AR 85517",2023-05-04
302,Timothy Lee,richardwheeler@example.net,586.310.3131x0094,"96661 Jessica Square Suite 732, West Dana, VT 78660",2025-06-14
303,Aaron Lopez,sstevenson@example.org,312-425-7207x65024,"579 Tracy Gateway, Rodrigueztown, OK 89636",2023-08-05
304,Sara Fox MD,kimberlygarcia@example.net,775.984.7457x054,"63257 John Streets, Howardland, ID 50017",2024-04-18
305,Tracie Wiley,harcher@example.org,+1-355-869-6443x09859,"1072 Becker Pike Suite 982, Tommyland, AS 39131",2023-12-31
306,Andrew Campbell,brownkevin@example.com,+1-800-342-5488x21423,"5366 Rasmussen Courts, Samanthaport, HI 74413",2024-05-14
307,Shawn Brock,feliciagonzalez@example.org,+1-434-841-4978,"28758 Mcdonald Meadow Suite 667, New Anthonychester, CO 99572",2024-08-21
308,Terry Buchanan,david89@example.com,001-362-660-7870x10415,"19803 Anna Park Apt. 324, Jennifertown, AS 64065",2023-02-05
309,Christina Jones,cassandramartinez@example.org,617.808.7601,"84979 Ryan Roads, East Donaldbury, GA 67546",2023-12-03
310,Kimberly Alvarez,keith19@example.com,+1-846-261-7662x04719,"970 Estes Mountain, Hillburgh, MI 66120",2024-06-06
311,Kathy Bailey,lpalmer@example.net,(495)672-4461x767,"959 Jones Burgs Apt. 311, Villafort, MD 30848",2023-07-07
312,Dr. Morgan Young,jessicacruz@example.com,2944101759,"2983 Johnny Mill Suite 332, Cervantesborough, CO 76799",2023-02-21
313,Tyler Davis,patrickpatricia@example.com,001-981-752-8733,"76619 David Path, Craigfort, IN 07248",2024-08-08
314,Erin Walker,sandra46@example.net,624-818-9389,"740 Matthew Green, West Pamela, AR 18757",2024-05-22
315,Robert Rivera,youngcharles@example.net,001-205-316-9918x724,"567 Harrington Wells, North Sarah, AK 26213",2025-06-18
316,Shannon Fleming,tranbrett@example.com,(766)782-1719,"33190 Robert Terrace Apt. 030, North Davidburgh, LA 06231",2025-10-29
317,Lance Zamora,david67@example.net,+1-511-648-3753x74584,"56974 James Dam, West Judy, IL 16589",2023-05-23
318,Robert Thomas,hollysantos@example.com,2706449641,"0667 Jeffrey Light Apt. 680, Anthonystad, AK 80289",2023-05-10
319,Gabrielle Clayton,lisa93@example.org,001-696-460-1864x8769,"USCGC Reese, FPO AE 17785",2024-04-26
320,Diana Fleming,christopher38@example.com,001-260-394-5449,"2770 Smith Camp Suite 783, Brownland, KY 80497",2024-04-21
321,Tiffany Alexander,katie44@example.com,922.790.3102,"44058 Caroline Keys, North Williamville, NY 10652",2023-05-30
322,Gabriel Watson,bjones@example.com,2594556574,"90193 Dixon Tunnel Suite 369, Lake Jessicafurt, WV 85594",2023-06-24
323,Billy Walls,arianacuevas@example.net,001-568-618-0978x8754,"PSC 5353, Box 7513, APO AA 96550",2025-03-14
324,Jennifer Miller,melendezdenise@example.net,663.792.8369x294,"6829 Chen Trail, East Nancy, AL 22360",2023-11-06
325,Dennis Spencer,inewton@example.org,4218288665,"415 Vargas Ridges, Lake Brandonstad, NV 54093",2024-09-14
326,Natalie Graham,ugraves@example.org,612.309.9576x57289,"0988 Mitchell Lights Suite 220, South April, OK 81172",2025-05-17
327,Gregory Martin,joshua73@example.org,291-534-2138x820,"3496 Meyer Village, Phillipsville, VT 93080",2024-02-05
328,Barbara Oneal,ibaker@example.com,651-931-5285,"506 Sarah Underpass, Jamesside, TN 82562",2025-09-17
329,Mark Smith,brendawiggins@example.org,547.327.2742,"USNS Smith, FPO AE 64816",2025-09-25
330,Christine Thompson,nwatts@example.com,001-935-978-2434,"587 Davis Creek Suite 675, Lake Roger, HI 61414",2025-07-21
331,Mary Bailey,xbush@example.com,+1-663-704-4836x085,"6404 Chandler Junction Apt. 476, New Nancy, ND 27528",2024-12-12
332,Ashley Donaldson,david80@example.net,(815)558-1083x5832,"5638 Shelby Camp, Port Shelbyville, NY 52659",2022-12-16
333,Amanda Campbell,hallkelsey@example.org,216-462-4111x860,"94568 Kevin Mount Apt. 149, Bennettchester, CO 29632",2023-01-05
334,Kristina Webb,patrickkaiser@example.net,(381)673-9063x757,"82379 Christopher Lodge, Millsshire, WV 30966",2024-07-17
335,Johnny Jenkins,mary05@example.net,+1-960-943-8787x535,"61620 April Crossing, East Samuel, DE 05620",2025-04-10
336,Kathleen Sims,jtaylor@example.com,7414644859,"589 Kennedy Fords, Saraberg, GA 69232",2024-07-26
337,Kara Stewart,edwardjones@example.org,001-433-318-7510x979,"0344 Silva Inlet, Claudiafurt, KS 74047",2024-03-12
338,Mary Jones,dakotarobinson@example.org,001-612-989-6599,"31922 Thomas Alley, Christianton, DC 67571",2023-12-27
339,Jessica Ruiz,vincent13@example.net,(467)854-8581x9324,"418 Pearson Fall Apt. 575, Lewisside, FM 25533",2024-07-16
340,Christopher Adkins,gonzalezmichael@example.org,001-645-215-4809,"0440 Michelle Mountains Suite 727, North Mikeberg, VT 96995",2022-11-22
341,Samuel Miller,browndana@example.org,784-239-0552,"USCGC Butler, FPO AP 88272",2024-03-16
342,Corey Juarez,jessicamiller@example.com,793-986-2044x851,"711 Ian Corners, West Brittany, AK 22696",2023-01-22
343,Claudia Brooks,wileysherry@example.com,+1-532-540-6424x2956,"44741 Kelly Lakes, Kelseyhaven, NV 83210",2025-10-06
344,Carolyn Herring,kmoore@example.org,(654)235-8841x83437,"PSC 8272, Box 7955, APO AP 50034",2025-11-08
345,Stephanie Morris,sotomisty@example.org,(975)851-2542x78207,"45957 Evans Wells Apt. 816, Schroedershire, MO 78236",2023-07-18
346,Jose Nielsen,stephaniebradley@example.org,+1-450-614-2576x27023,"36132 Smith Estate, Coryside, TX 52149",2023-06-03
347,Susan Barnett,wmccarthy@example.org,(352)765-4696,"92355 Mason Alley, Melendezbury, DC 66030",2024-07-08
348,Daniel Graham,patrick26@example.org,767-304-6226x8171,"25298 Parks Branch Suite 660, Ronaldville, PA 59518",2024-01-30
349,Priscilla Joseph,daniel26@example.net,+1-612-205-9438x97607,"5095 Simmons Spring Suite 084, West Michael, AK 59060",2024-07-01
350,Mark Larson,jessica86@example.org,981-522-7645,"PSC 8970, Box 1550, APO AE 80370",2023-08-13
351,Margaret Macias,uhunt@example.org,+1-646-560-2416x1394,"9736 Burgess Tunnel, West Walter, AZ 79750",2024-04-21
352,Christopher Mitchell,russellandrew@example.com,(244)779-5133,"979 Walters Isle Suite 780, Matthewstad, GU 58747",2025-08-30
353,Scott Porter,emilyscott@example.org,001-617-685-1385,"702 Claudia Port Suite 604, Fritzfurt, PW 70964",2025-09-05
354,Lawrence Atkinson,fosterjason@example.org,322-768-6536x9455,"67747 Sandra Fall Suite 408, Kathrynburgh, TX 13388",2025-04-18
355,Matthew Mccann,blopez@example.net,(799)581-9960,"150 Arnold Way Apt. 275, East Thomas, VT 26687",2023-10-28
356,Edward Kline,beckystevens@example.net,232.278.1952x371,"761 Rosario Stravenue Apt. 980, Castilloton, LA 52719",2025-06-08
357,Molly Williams,gmoran@example.net,461.512.4912x565,"1517 Goodwin Throughway, Matthewmouth, MA 59532",2025-08-19
358,Laura Wheeler,earlroberts@example.org,001-654-442-9477,"94643 Melissa Prairie, Eddietown, KS 48232",2024-06-12
359,Nichole Ferrell,kwoods@example.com,(998)458-5672,"15343 Edward Rest Apt. 357, Hudsontown, MP 98314",2025-08-10
360,Rachel Warren,judithcox@example.org,+1-515-581-4888x1079,"337 Billy Rest, Andrealand, WA 25406",2024-07-25
361,Sylvia Escobar,alexandrabrown@example.org,001-597-971-8051,"3189 Carmen Hills, New Russellville, VA 58518",2023-11-27
362,Chloe Shaffer,qgay@example.com,772-658-7844x483,"712 Smith Pass Suite 722, Port Ryanport, CT 58591",2025-06-05
363,Michael Carson,kimberlyhines@example.org,845.487.1493x92523,"8796 Perez Greens, Michaelport, MN 19504",2024-03-05
364,Nicholas Calderon,shannon69@example.com,5605652740,"5056 Nguyen Points Apt. 398, Gatesville, CA 32369",2024-08-22
365,Nathan David,ccrane@example.net,001-773-949-9601x054,"PSC 1721, Box 5622, APO AP 39672",2024-07-11
366,Kristina Gonzales,ashley48@example.net,001-902-715-5732x573,"9021 Simmons Valley Suite 080, Allenchester, AZ 66589",2024-02-09
367,Erin Ryan,bailey11@example.net,+1-518-328-1979,"7725 Hunter Ports Suite 786, South Autumntown, RI 51612",2023-04-06
368,Danny Simmons,melissa95@example.net,+1-239-459-2323x4210,"5333 Martin Groves, East Kelsey, AK 18498",2024-10-25
369,Terry Martinez,vjohnson@example.net,(307)476-3369x1128,"9556 Jason Course, Timothyhaven, DE 60394",2023-10-04
370,James Fisher,gomezsonya@example.org,+1-243-416-7045x0232,"700 Michelle Shore, Nathanchester, GU 21142",2024-09-18
371,Christopher Stone,judypatrick@example.org,720-273-4654,"70260 Farmer Stravenue Apt. 210, Phyllisland, MT 09194",2024-06-03
372,John Lucero,mtaylor@example.net,577-442-5859x1779,"31164 John Glen, Lake Donna, MA 93622",2022-11-15
373,Mary Meyer,kathleen25@example.com,+1-729-206-0320x20326,"3967 Shawn Greens Suite 148, Matthewburgh, KS 45194",2024-06-18
374,Katherine Dunn,barnettmatthew@example.net,356-308-2137,"54768 Tammy Parkways Apt. 683, Port Erin, WI 02692",2023-12-27
375,Patrick Fox,annaschmidt@example.org,(883)582-5212x932,"6867 Morris Stravenue Suite 014, Jasonland, AR 99482",2025-02-19
376,Charles Carson,petermoore@example.com,001-333-451-3426,"450 Abigail Pine, Port Courtneyfort, IN 87063",2024-07-13
377,Rodney Weaver,whernandez@example.net,306-341-7692x743,"Unit 9953 Box 7660, DPO AP 14288",2024-04-27
378,Diana Ramsey,rebecca85@example.com,651-301-7397x396,"Unit 7899 Box 6986, DPO AE 79362",2025-09-15
379,Ryan Day,johnstondavid@example.org,001-296-860-5779,"039 Andrew Isle Apt. 460, Atkinsonview, MI 90024",2024-05-27
380,William Wright,ubowers@example.com,+1-742-538-8565x2715,"16597 Katherine Flats Suite 755, Huangburgh, GA 42805",2025-11-04
381,Colton Collins,katherine82@example.com,001-813-411-9642x585,"PSC 1499, Box 1537, APO AE 32732",2025-07-01
382,Mary Hill,swalker@example.org,973.920.4309,"2896 Francis Squares, Lindaview, NE 49027",2023-11-30
383,Timothy Young,chase25@example.net,+1-592-718-7851,"4907 Crawford Mews, East Andrewmouth, OH 85734",2023-12-02
384,Gregory Dillon,brycegomez@example.net,001-940-697-6263,"3986 Katie Springs Suite 090, Brianaland, RI 08840",2024-01-16
385,Monica Oconnor,tinaayala@example.org,8718511696,"2145 Jasmine Glen, Davisview, MO 26794",2023-08-22
386,William Schultz,shannon18@example.com,+1-808-605-1208x005,"23972 Theresa Court Apt. 959, South Jasmine, FM 23765",2022-12-15
387,Robin Wallace,mcconnellpamela@example.org,715-929-8217x3929,"USCGC Bowers, FPO AE 88149",2024-03-12
388,Gina Diaz,susanhenry@example.com,(807)591-8158x998,"3466 Bennett Overpass, South Damonside, NJ 80410",2023-01-17
389,Jonathan Hartman,kelli08@example.org,249-298-2508,"Unit 6358 Box 0688, DPO AE 67183",2023-09-02
390,Michael Lozano,bryantjacob@example.org,537-339-9006,"PSC 0352, Box 6356, APO AE 20938",2024-03-25
391,David Barnett,tbecker@example.net,946.606.6643,"72311 Erik Turnpike Suite 128, Garyview, TX 94220",2024-03-09
392,Jennifer Herrera,melissa41@example.org,918.373.2807,"2113 Gilbert Mill, South Carla, AZ 87385",2024-07-19
393,Pamela Lopez,jennywilliams@example.org,442-557-3066x24813,"71398 Hawkins Divide Suite 011, Holmestown, RI 94936",2023-07-09
394,Timothy Wood,rachelsutton@example.org,3902691309,"649 Cole Summit Apt. 794, Tinamouth, NJ 20573",2024-06-28
395,Shawn Walker,dana26@example.com,(706)542-0768x362,"USCGC Stephenson, FPO AA 96635",2023-07-21
396,Tristan Ford,mark62@example.net,833.739.3957,"2718 Evans Village, Williamsborough, MA 72812",2025-02-14
397,Mary Giles,cwhite@example.org,569.424.9269,"27599 Erica Turnpike Apt. 100, West Melissamouth, MH 47253",2025-10-27
398,Chris Lewis,coxregina@example.net,852.444.1822x2618,"431 Regina Court Apt. 267, Woodstown, OR 90694",2024-10-07
399,Heidi Alexander DDS,fshannon@example.net,(551)751-2294x621,"9709 Frey Lakes, Jamesview, NC 03573",2025-04-12
400,Taylor Williams II,jose65@example.org,001-571-958-0290x9046,"465 Pratt Walk, Russellmouth, DC 45883",2024-01-11
401,Kristen Burns,christopher71@example.net,310.221.3125x12931,"129 Welch Isle Apt. 910, East Samantha, CO 24824",2024-03-22
402,Trevor Smith,jasonlove@example.com,+1-483-273-7927x4907,"2893 Jacqueline Club, East Melinda, WV 30348",2024-03-25
403,Mark Vargas,shunter@example.org,753-280-4421x017,"70159 Wolfe Rest Apt. 945, Howardfort, MN 65997",2024-09-06
404,John Gardner,jeremyjackson@example.net,(777)856-7772x26602,"Unit 2650 Box 6229, DPO AE 28942",2024-05-15
405,James Hernandez,james76@example.org,+1-443-937-9766,"Unit 0511 Box 5794, DPO AE 31322",2024-02-28
406,Kathleen Robinson,tsmith@example.net,949-369-1928x45525,"3353 Schultz Mountains Suite 859, Hollyberg, MD 83427",2023-07-18
407,Susan Erickson,lisawright@example.net,9589162951,"76342 Abbott Circle Suite 330, Michaelfort, OH 19653",2024-11-12
408,Tina Washington,cassandra83@example.net,+1-291-640-3884x366,"0061 Marshall Drive, Garrettside, GA 78337",2023-09-02
409,Ernest Giles,thill@example.net,729-825-0105x8752,"562 Austin Trace Apt. 459, New Brianberg, NM 08873",2024-10-18
410,Brenda Garcia,shelbyyoung@example.com,316-551-7680x86628,"3308 Brian Ville, South Bobby, IN 99922",2024-05-21
411,Christian Harrell,marcus60@example.net,206.781.0390x3397,"263 Amanda Road Suite 485, Mooreborough, WV 80142",2024-02-06
412,Craig Hurst,swilson@example.com,698.563.2106x133,"7039 Robinson Burg Suite 032, Jamiefurt, VA 43408",2022-12-28
413,James Molina,mcastillo@example.com,619.210.0900,"921 Micheal Rue Apt. 651, Roberttown, ME 05087",2025-09-15
414,Elizabeth Baker,davidfields@example.net,920.311.3798x4409,"16600 Reynolds Mountain, Thompsontown, OK 06272",2022-12-31
415,Tina Walter,jennifer34@example.org,633-770-0968x730,"7825 Barber Plains Apt. 556, New Richard, NH 46040",2025-09-21
416,Brittany Chambers,alowe@example.com,494-225-5778,"582 Tiffany Turnpike, Port Heather, CO 55417",2024-09-14
417,Wanda Stephens,johnstonjonathan@example.net,(835)571-5586,"137 Mary Terrace Apt. 081, Thomasland, UT 40681",2025-09-11
418,Jared Bryan,lynnjames@example.org,613-721-1471x6560,"6997 Erin Bypass, Florestown, KS 92334",2023-01-01
419,Robert Mullins,hendersonbrenda@example.com,906.807.1748x1131,"705 Tran Squares, Robinsonchester, CT 01850",2025-10-12
420,Linda Leonard,wallssean@example.net,949.668.0491x872,"9561 Tanya Club, South Todd, AL 51265",2023-08-22
421,Renee Whitehead,lwilliams@example.org,+1-997-737-1122x29907,"85816 Johnson Mews Suite 111, Nataliestad, NJ 53103",2024-04-25
422,Dana Reilly,davidmartin@example.net,+1-237-585-8471x29618,"60508 Daniel Shores Suite 980, Nicoleberg, MD 32440",2023-08-31
423,Rebecca Lopez,nmendoza@example.org,(488)512-2821x7819,"534 Brown Meadows Apt. 560, Lake Jessica, MN 51720",2023-08-08
424,Russell Walker,timothyavery@example.net,+1-323-498-4716x9061,"4647 Turner Plain, Samanthafort, NY 64436",2024-08-06
425,Seth Barker,taylordavis@example.com,+1-589-714-4449,"PSC 5393, Box 5435, APO AP 89118",2024-04-28
426,Dennis Coleman,kaylazamora@example.org,535-588-5379x8214,"75367 Randolph Mount Suite 249, West Davidfurt, GU 72680",2025-10-18
427,Mrs. Chelsea Villa,jgibson@example.net,396.434.0679x17665,"01418 Anderson Court Suite 309, North Danielview, LA 56836",2024-01-18
428,Daniel Munoz,sarah53@example.org,+1-295-432-6389,"1136 John Ridge Apt. 234, North Johnport, NE 76475",2022-12-19
429,Sarah Griffin,craigmiller@example.net,726.796.0843x768,"9352 Carolyn Square Suite 263, West Michael, KY 33107",2024-10-03
430,Stephanie Gray,ryu@example.net,+1-817-306-9556x0767,"45472 Jeffrey Prairie Apt. 065, Port Jeremyburgh, CO 81169",2023-11-28
431,Amber Miller,shawn42@example.com,(236)442-8131,"2303 Carlos Courts Suite 281, Transtad, VA 23952",2024-01-20
432,Timothy Sanchez,nguyengeorge@example.com,4884062207,"473 Thompson Creek Apt. 290, South Derekport, NH 69824",2025-01-19
433,Megan Foster,doneal@example.net,(599)364-8628x720,"1966 Evans Burg Suite 730, South Kimberly, WV 19790",2025-01-29
434,Kevin Blake,deborahturner@example.org,5379476775,"21450 Marshall Lights, Millerport, MI 67683",2023-06-23
435,Amanda Jarvis,vjones@example.org,920.812.8400x83850,"9545 Laurie Prairie Apt. 776, Lake Kimberlyshire, NY 09320",2024-03-10
436,Mrs. Samantha Rivera DDS,douglas31@example.net,863-400-4023x693,"01204 Buchanan Forges Suite 271, Lake Stevemouth, RI 95911",2024-07-02
437,Sarah Sosa,barbara85@example.net,682-998-4933x06745,"Unit 6094 Box 4128, DPO AE 29199",2025-09-11
438,Danielle Stein,terrywilliam@example.com,(895)441-3297x15066,"5143 Koch Overpass, Chapmanfurt, NE 31317",2024-07-27
439,Leroy Martin,carlywatkins@example.org,210-228-6712,"45591 Frederick Inlet, Craigshire, CO 05680",2023-04-19
440,Samantha Lee,pennyholloway@example.com,694-498-1942x179,"9340 Phelps Shores, Lake Thomas, NV 47523",2023-04-30
441,Elizabeth Valdez,pbutler@example.com,433-472-2010x91217,"5937 Ortiz Row Suite 370, Ericborough, MI 09159",2025-09-13
442,Ryan Lara,flopez@example.com,(357)925-6592x0246,"02389 Krueger Flats Apt. 600, Jenniferstad, MA 00859",2025-09-01
443,Raymond Costa,jasoncook@example.net,686-989-9936x079,"69176 Sloan Rest Apt. 593, Bakerton, GU 30578",2025-01-06
444,Lauren Foster,schmidtbilly@example.com,(206)901-4886x0849,"Unit 3884 Box 1368, DPO AP 43569",2023-11-20
445,Matthew Smith,pmiller@example.org,8125424462,"44881 Tonya Well Apt. 031, Tammyville, WV 59652",2024-11-28
446,Jonathan Conley,edixon@example.net,315-315-2638x409,"88375 Matthew Loaf Suite 186, East James, SC 63864",2025-06-25
447,Nicole Jones,marypeck@example.com,001-776-755-3007x30950,"7121 Brittany Mountains, Spencerside, VA 45157",2025-03-28
448,Robert Hartman,john86@example.com,804-324-6245,"Unit 5174 Box 4600, DPO AA 43460",2023-01-13
449,Brandon Taylor,coxcody@example.com,612-693-9130x44881,"46154 Derrick Court Apt. 170, Pachecofurt, ND 14511",2024-04-15
450,Kevin Hoffman,christopherjackson@example.net,001-610-573-2283x608,"63963 Cooper Lodge, Bartlettport, KY 33141",2025-04-15
451,Stacy Mann,deborah70@example.org,001-434-229-2913,"016 Tammy Harbor, New Aaronborough, VT 15020",2024-08-04
452,Alexis Rodriguez,sergiothomas@example.net,(556)568-4732x365,"0406 Moore Tunnel Apt. 784, South Daniel, LA 18942",2023-05-24
453,Christopher Hammond,hfloyd@example.org,554.937.3476x427,"PSC 0376, Box 3882, APO AE 35585",2025-05-13
454,Kelly Vaughn,michelle84@example.net,4199134438,"Unit 0205 Box 8695, DPO AE 63549",2024-08-02
455,Brian Torres,zking@example.com,569.599.5167,"7385 Perez Points Apt. 119, East Robert, AZ 27365",2025-05-12
456,Joseph Rodgers,beckertheresa@example.com,833.351.0409,"Unit 9731 Box 5391, DPO AE 33310",2023-06-12
457,Kimberly Soto,bradleybarker@example.net,+1-807-736-5118x93940,"USCGC Hawkins, FPO AE 04026",2023-07-31
458,Veronica Armstrong,james23@example.net,001-223-333-2470x7392,"4621 Thomas Avenue, West Austin, HI 90211",2023-01-23
459,Jennifer Miller,jasonhernandez@example.org,924.488.8995,"6297 Stewart Rest, Lake Lauren, MP 03126",2024-09-19
460,Edward Barton,lho@example.org,(403)281-8769,"30898 John Plaza, West Alicialand, KS 34729",2025-10-27
461,Chad White,nhenry@example.org,001-418-629-7168x157,"Unit 5000 Box 0001, DPO AA 22117",2023-10-22
462,Rhonda Willis,wattstimothy@example.org,+1-350-690-2556,"18299 Mitchell Pike Apt. 224, West Nicolaston, NY 57476",2024-09-25
463,Andrew Williams,nina65@example.net,358-548-2669,"355 Michael View Apt. 960, Lake Terrychester, IL 32009",2024-04-27
464,Scott Grant,kristin09@example.net,(321)204-0164,"287 Gilmore Gateway Apt. 638, South Josephberg, TX 09090",2025-02-07
465,James Gregory,aimeebrewer@example.net,(342)903-6258x63144,"6255 Cline Canyon Apt. 635, Amyburgh, LA 25623",2024-03-05
466,Susan Johnson,harrisonkyle@example.com,798.480.3153x88824,"504 Victoria Highway, East Sabrina, IL 47039",2024-02-08
467,Joseph Matthews,fosterjeffrey@example.org,519-578-7180,"3265 Benjamin Lodge, Lake Chaseland, PW 98810",2023-04-21
468,Kathy Chang,victoria17@example.net,001-488-200-2300x91561,"7744 Susan Mall Apt. 936, Chelseastad, DC 08095",2024-08-07
469,Larry Stokes,daniel43@example.org,475.309.2632x23998,"5611 Peck Square Suite 288, Shepardton, MP 48582",2024-07-22
470,Paula Rogers,bwalls@example.com,311.226.0030x83566,"53123 Merritt Knolls Apt. 688, South Ashley, NM 82601",2023-01-25
471,Jessica Hoffman,christineriggs@example.com,001-901-434-8087x3543,"59101 Hayes Square, New Lynnhaven, MN 74486",2024-02-08
472,Amy Roberts,savannahespinoza@example.com,001-826-699-9699,"84285 Walsh Port Apt. 259, West Andrewhaven, FM 41080",2023-12-15
473,Rebecca Vincent,pamelarodriguez@example.org,001-326-969-8069x08726,"723 Hoffman Stream, New Catherine, MD 88338",2024-02-14
474,Susan Santos,dianehoffman@example.org,2564129965,"264 Kristen Light Suite 561, North Anna, AS 56331",2024-01-30
475,Ronald Khan,lindsayedwards@example.com,234-468-2394x840,"08696 Brown Centers, Port Tinafurt, NY 26985",2023-05-19
476,Michael Olsen,madison00@example.org,509.941.4915x07628,"53440 Alexander Rapid, Peterton, VT 59355",2024-06-18
477,Molly Hines,mpowers@example.org,3816776029,"33373 Sharon Island Suite 235, Rodriguezside, CO 61351",2024-05-02
478,Samuel Nolan,erikamiller@example.org,(813)363-8527x7895,"84449 Jessica Extension Suite 026, Williamville, NE 36597",2022-11-14
479,Anthony Hayes,marilyn67@example.net,(377)982-2102,"PSC 9821, Box 3486, APO AE 75542",2023-05-01
480,Morgan Henry,bhall@example.org,518.928.5605,"USS Vasquez, FPO AP 77651",2025-02-28
481,Mallory Powell,chavezisabel@example.com,468.320.5068,"35521 Shelton Shoals, Alexismouth, ND 59127",2024-12-24
482,Melissa Sullivan,jessicamills@example.org,001-625-596-7908,"022 Melissa Union Apt. 938, Proctorview, NY 38756",2023-03-07
483,Elizabeth Jacobs,hollandjustin@example.com,+1-887-907-1523,"209 Hill Tunnel, New Bryanmouth, NM 80511",2025-07-13
484,Janice Hernandez,twagner@example.org,289-637-0858x06235,"6957 Anthony Crossing Apt. 482, Melissaview, KS 24428",2023-06-03
485,Jennifer Watkins,donaldserrano@example.net,(332)789-4633,"52857 Robin Junctions Suite 292, Shahbury, VI 91543",2024-02-13
486,Joseph Harrington,curtis81@example.net,(950)678-4685x095,"34918 Sara Creek, Georgeburgh, AR 26603",2024-07-13
487,Michele Perkins,laura15@example.org,515-847-1553x1325,"67500 Cisneros Drive, West Stephanieland, AZ 46882",2024-07-18
488,James Moreno,hortonalexandra@example.net,+1-827-404-5238x885,"660 Shields Prairie Suite 787, Kennethburgh, DC 65081",2023-02-15
489,Katrina Bird,amber59@example.com,294-228-2491x16502,"3931 David Wells Apt. 551, North Mario, NJ 04929",2024-06-01
490,Madeline Simmons,evelyncampbell@example.com,896.469.9727x36774,"8254 Stephanie Cliff, Port Lisa, VT 71720",2025-01-29
491,Ashley Anderson,martinezcatherine@example.net,+1-449-510-6018x3647,"0827 Stone Corners Suite 225, Marshallview, WA 48104",2022-11-25
492,Deborah Taylor,michellemcmahon@example.com,+1-918-376-8316x082,"73373 Sue Burgs, Hunterberg, OK 74802",2023-06-23
493,Cindy Jenkins,stephanieoconnor@example.com,001-714-738-8232,"835 Adams Crossing, Hardymouth, WA 97974",2025-08-30
494,Colleen Morton,john09@example.com,497-991-2799x702,"3978 Higgins Forest, Zimmermanmouth, DC 76467",2023-12-24
495,Theresa Stone,edwardburnett@example.org,(960)983-2004x879,"585 Joel Place, Glasston, ID 02773",2023-06-11
496,Eric Nielsen,briggsmelissa@example.net,471-452-3910,"014 Timothy Shoal Apt. 093, New Robertfort, CO 28080",2024-03-26
497,Kathryn Franklin,thomasbrandon@example.org,332-317-6720,"1220 Christina Bypass Suite 258, Randolphborough, RI 98382",2023-07-07
498,Amanda Armstrong,njames@example.net,+1-827-448-1242x11408,"PSC 0952, Box 2946, APO AE 02744",2022-12-04
499,Leslie Haynes,virginia56@example.org,3395952970,"Unit 1243 Box 6585, DPO AP 48563",2025-08-27
500,Phillip Anderson,greencharles@example.net,9275061592,"29907 Ryan Wall Apt. 632, Port Juan, SD 14530",2023-07-14
