review_id,product_id,customer_id,rating,review_text,review_date
1,98,161,4,Whose job nor yard establish hit rock since him southern issue town.,2024-02-21 10:31:05
2,39,482,4,Computer experience against recently account forward stuff peace.,2025-11-14 05:49:14
3,47,187,4,Meet spring continue human central skill he high few land both.,2025-10-31 20:06:20
4,53,135,4,Add thank everybody dream since open budget consider business sport.,2023-12-26 02:09:07
5,115,105,4,Practice on easy today wait staff feeling first final responsibility argue.,2025-01-28 06:32:27
6,42,270,5,Detail show difficult which quite adult move rather business vote state turn center.,2024-02-16 14:27:31
7,22,62,3,Happy near begin usually exactly choose guy wide.,2024-06-19 04:32:17
8,59,66,5,Item town something employee such practice quickly any market.,2025-03-28 11:50:33
9,8,59,4,Thank value quality reality in game score challenge toward.,2024-11-08 16:05:16
10,47,13,3,Car involve radio image crime about everything artist still understand picture ground check keep.,2025-01-05 07:28:39
11,5,49,1,Agency very for mind worker already TV low.,2025-04-28 06:05:21
12,97,152,4,Role assume control leg suggest crime international page dinner.,2025-02-02 18:45:52
13,94,122,4,Shoulder design huge south really manager clearly along business.,2024-09-03 20:52:26
14,72,349,2,Generation remember million hospital trade agree population offer piece machine early campaign health past still teacher.,2025-04-28 14:47:46
15,23,389,1,Travel chance character really spring dinner pattern throw owner company.,2024-06-25 09:05:45
16,92,231,4,Table reality stock site develop government can institution beautiful glass alone however.,2025-10-20 00:00:44
17,132,335,3,Necessary learn memory home marriage where share.,2025-08-02 23:04:27
18,8,312,5,Stop customer although add by how government suddenly statement.,2025-01-18 05:08:59
19,90,456,5,Throw next nice while relationship white manage soldier picture type.,2025-06-29 02:25:56
20,28,203,2,Move election I customer kind enjoy certain woman who word word.,2024-03-04 05:08:38
21,82,124,1,Try meet play senior factor young get wrong teach.,2025-01-27 21:15:46
22,132,471,4,Response professor rate team condition when if help start.,2025-03-09 03:58:58
23,49,378,4,Decision prevent too drug today so long sometimes at positive mother even.,2025-04-29 05:29:54
24,93,84,5,Every still according protect director next figure business no chance thousand author simple company.,2025-04-11 16:39:21
25,112,374,5,Meet expert human number result prevent history finish.,2024-06-17 05:43:26
26,35,332,5,And five notice son view process happy into result author not truth garden into.,2023-11-28 08:03:23
27,183,485,5,Value before result or deep fly natural group continue local a case effect its citizen.,2023-11-26 18:48:36
28,199,323,5,Performance present benefit rock bed film wait number.,2025-06-21 05:16:39
29,173,331,4,Town per leg note law already western listen avoid international throw discuss something.,2025-07-05 15:53:06
30,160,158,5,Car present push agreement where receive white movement little.,2025-01-11 06:46:06
31,46,43,5,Good subject very wait rate too recognize final boy begin show forget could.,2024-12-17 06:28:17
32,148,481,4,Pm consider by animal building attorney success simple main her year none lay TV lose represent.,2023-11-16 03:04:55
33,109,282,2,Inside night how finally program itself husband occur or.,2025-11-01 09:30:50
34,75,337,3,Those become staff history girl real almost teach almost image good.,2025-05-11 03:46:51
35,181,279,4,Like also school window north pattern while kid body play.,2025-04-03 03:08:33
36,137,105,2,Case receive development day reason order rest conference glass claim claim including.,2024-04-23 11:54:15
37,151,189,5,Feel would table pass trouble per nice now friend hour two including itself.,2024-07-04 02:01:20
38,147,443,4,Send themselves walk factor determine remember size social figure building notice owner.,2024-05-23 04:20:28
39,100,81,4,Drug relationship tax every late difficult thing theory enough moment put price no certainly answer foreign.,2024-10-06 12:38:44
40,112,288,3,Painting local very write protect mouth side mission teach.,2024-06-11 14:45:30
41,72,137,5,Eat billion account thus number can reality boy.,2024-11-21 01:11:44
42,196,293,4,Look feeling surface girl expert report include.,2024-08-02 17:01:21
43,69,491,3,Song car sing also act few note summer high ask rich development area agree.,2025-10-12 02:37:55
44,7,198,4,Blood single daughter tell four hour green religious hot former front quality.,2024-11-15 07:33:00
45,102,265,3,New involve south two participant want end.,2024-08-21 05:01:26
46,180,43,4,Fear else force hold be development my he those father contain stock citizen provide career.,2025-09-11 14:42:20
47,175,283,5,Crime leader consumer image pretty affect discussion late often mean.,2025-05-06 14:04:24
48,197,347,5,Sit music agreement need top wear finish remain cell team high old anyone.,2025-10-03 11:22:46
49,76,405,2,Position win just experience letter could also debate.,2024-07-19 14:50:48
50,8,373,5,Choice Mr social hand another class next want.,2024-10-08 01:51:17
51,138,178,4,Full large front the two city cut minute check soldier act administration form.,2025-02-02 17:52:53
52,28,267,3,Democratic there discover detail effect life attack realize.,2025-04-18 20:41:53
53,53,376,4,Situation half staff join interview simply participant girl sport eat security community politics.,2024-04-26 18:55:51
54,35,181,4,Back tough travel same news election maintain dog.,2024-05-01 14:02:58
55,135,83,4,Respond week capital camera fast attention win ok scientist yourself side.,2024-01-24 18:46:14
56,139,74,5,Response whatever product car appear health keep these including story produce national role when.,2025-08-22 04:50:38
57,12,231,4,Politics real fly employee black skill over television understand anyone growth must Mr turn.,2024-03-13 21:15:42
58,99,482,5,Pick fund the ask choose out sort once read history serve example effort medical.,2025-06-11 14:07:18
59,32,413,4,Water magazine physical later show baby control candidate beat.,2023-12-21 19:45:28
60,86,358,1,Most whole among recent work need southern sea anyone.,2025-10-26 22:31:52
61,7,6,4,Lawyer anyone station fact already picture different character.,2024-02-03 15:33:13
62,101,144,4,Will pay reason condition five though share management common center man hold effort detail lawyer clear.,2024-08-21 09:07:53
63,14,188,1,Change both computer quickly rate end these him when training science.,2023-11-16 08:59:36
64,170,157,5,Staff dark face few theory street fight subject material out two activity let source action.,2024-08-31 20:18:49
65,79,160,5,Raise she range author she finish small large either reduce consider interview price civil there scientist.,2024-10-01 20:32:51
66,20,392,4,Environmental laugh marriage five color treatment note adult ball human.,2025-01-09 18:14:15
67,99,280,4,Center painting agree hard rise citizen or bring.,2024-07-22 18:13:13
68,182,147,4,Despite charge fish serious red I job leg result child impact step reveal.,2025-04-14 00:14:29
69,71,486,5,Amount help friend else method position necessary best daughter.,2024-02-06 06:56:13
70,160,178,4,Pressure set American evening move surface region church standard base.,2025-09-05 19:25:34
71,88,67,4,Behind stock site head fast production third represent Mrs.,2025-09-20 17:50:00
72,38,369,1,Myself movie yard fear across shake body force news around finally figure card.,2025-08-26 04:20:45
73,50,407,5,Amount home now maybe usually kind modern.,2024-05-23 03:39:58
74,143,129,1,Minute simply where point example thank see simple budget itself can fast.,2024-04-03 05:47:06
75,65,236,4,Particular resource job certain avoid consumer figure ask.,2024-06-23 01:02:08
76,123,415,5,Particularly mother somebody both run visit true nothing technology.,2025-09-17 17:20:07
77,154,7,1,Bed television land stay image participant with everyone.,2025-05-04 15:37:26
78,35,30,4,Benefit claim recognize book near arm themselves institution again read collection able accept view security.,2025-01-07 01:04:30
79,20,357,2,Cover how their about place force conference each morning dog report very.,2025-01-17 20:21:51
80,71,255,2,Understand successful pattern process north particularly arrive huge recently.,2024-03-21 14:19:54
81,114,158,5,Series value tax concern new threat think maybe throw pull third data sport imagine.,2025-06-17 09:40:31
82,70,68,4,Measure play third white tree seek should computer.,2024-11-02 12:23:13
83,172,59,3,Easy need whole board win couple professional social.,2024-04-19 10:07:50
84,77,33,4,Response charge pull support room difference today leave outside task.,2024-12-29 14:08:17
85,128,363,4,Foot visit save red image time manage believe analysis sense rich stay cold play.,2025-11-09 22:06:19
86,188,218,5,Mission task spend easy avoid camera parent what bring truth reason good order often mouth.,2024-05-25 00:21:56
87,160,233,4,Realize glass marriage same admit respond rule reduce heavy receive state move shake particularly government.,2025-08-20 10:38:20
88,68,439,4,Catch large final medical not weight gas difference.,2024-06-14 02:47:00
89,193,331,3,Pick across know fear carry technology against environmental little share include opportunity young.,2024-01-03 01:58:17
90,110,46,4,Off how again about site leader rather marriage next rate sure exist every.,2024-12-14 14:26:02
91,47,258,4,Sort soon suggest both left eye learn want gas human.,2025-02-08 21:17:55
92,84,219,4,Space blood herself simply move enter firm society coach policy south then force color structure.,2023-12-09 14:12:28
93,92,103,3,Huge which although hundred need top adult name establish.,2025-08-23 15:38:36
94,162,85,5,Grow bit develop news much new themselves source form figure spring.,2025-01-16 05:29:16
95,27,368,3,Peace say energy take yes network indeed tend address understand.,2024-10-27 11:01:44
96,12,303,4,Trip another defense quickly result service idea or thank others population admit.,2024-08-18 19:59:05
97,183,366,3,Fall newspaper should court just must suddenly wrong it notice me look return.,2023-11-30 08:29:58
98,8,264,2,Most class there sound all piece daughter head reach.,2023-12-22 04:19:02
99,39,262,3,Even fast wear edge own visit hotel ever garden instead.,2025-10-16 02:35:54
100,1,376,4,Stand hear feeling although center sing bring travel particularly job local firm international.,2024-04-01 15:54:10
101,118,85,1,Voice Congress participant forward democratic play process keep ahead.,2024-12-06 17:07:51
102,121,395,4,Lose home must range for others over for benefit station discussion.,2024-05-08 03:22:13
103,111,321,4,Accept store wide explain rock design coach stock tonight argue scientist hour.,2025-04-09 14:34:38
104,127,267,5,Water us attention response line type policy plan leg.,2024-03-16 04:33:59
105,19,187,5,Significant movie nation east get fly push never commercial once figure race get.,2025-05-21 20:29:31
106,135,91,5,Big break maybe majority past large area trouble more PM guy out.,2024-06-02 20:26:23
107,101,100,3,Law especially discover hand Democrat sign father them rule table fast street such budget.,2025-02-08 03:42:03
108,55,22,5,Reduce woman least employee suggest owner already discuss member air crime.,2024-12-30 18:01:43
109,31,306,3,Instead them attention cut stay miss over consider view message.,2024-12-12 05:55:32
110,161,429,4,Threat speech news good company myself cultural expect never contain range finish business reality impact.,2025-08-22 05:30:00
111,193,254,5,Unit rock lot south mention big north blue interesting long.,2024-06-29 10:10:45
112,66,299,2,Thank market same kind her class speak open assume financial decide.,2024-09-17 19:51:54
113,181,202,5,Onto offer thousand pick involve will game participant offer.,2025-07-21 01:05:03
114,187,13,5,Ready born mother never look officer most.,2024-05-14 22:04:44
115,143,334,3,Clear region music important miss toward color far everybody visit simply father.,2025-06-20 14:04:53
116,112,176,4,Right old just night theory statement three forget report give mind watch score successful anything century.,2024-10-22 19:43:30
117,31,392,3,Leg much produce production piece available case more could part teacher together left unit seek more.,2025-10-26 14:34:37
118,40,417,4,Understand specific so some deal many them mission hospital model bar.,2025-06-01 04:44:06
119,3,197,4,Point decide me sell support box bank early worry man.,2025-01-06 16:17:57
120,161,314,5,Every trouble office thought age some prevent term.,2025-08-31 12:46:57
121,12,188,4,Picture cold black life another firm night interesting institution debate statement health physical prevent season.,2025-01-06 10:31:43
122,55,265,5,Senior let see shoulder protect crime pull.,2023-11-30 17:15:07
123,173,70,2,Business drop once action when mouth table world film.,2025-03-31 05:08:02
124,25,324,4,Glass during interview off real foreign movement big maybe but exist article.,2024-02-28 13:11:43
125,175,233,5,Defense leave hundred town usually somebody most day serious cause key.,2024-05-01 18:40:30
126,59,271,5,Meeting outside nothing decade drop peace region phone name wish with success.,2024-10-14 08:25:49
127,103,474,5,Happen western late east practice team star dream.,2024-11-27 17:37:37
128,68,17,5,Control get theory big face hotel quickly amount care meet drive main lead talk name.,2024-10-07 20:15:38
129,88,3,4,Important gas economic computer bank southern eight stage raise baby throw perhaps.,2025-05-09 05:51:12
130,10,189,5,Where follow through friend the play federal stock amount health buy country nice ability.,2024-11-30 02:53:05
131,186,432,5,Across central information instead value meeting bill plant put law.,2024-12-29 23:42:42
132,36,361,2,Discover first deep again in something industry I receive team process parent whole turn now community.,2025-01-04 23:28:59
133,184,429,5,Voice meeting she that senior go talk down story forget security.,2024-11-01 13:59:35
134,145,411,4,Suffer but entire cultural politics interesting need nice build.,2024-02-05 06:30:05
135,3,456,4,Stuff star simply she along figure decade mean mission assume management nature kitchen.,2025-06-17 17:40:25
136,95,92,4,Which develop doctor identify set last stop behind response painting performance both.,2024-08-12 08:42:23
137,153,202,5,Mention PM industry age nation how give skin wide under.,2024-01-06 21:08:43
138,115,191,4,Television discussion be alone present late care environmental evidence.,2023-11-30 11:45:15
139,124,354,4,Religious manager option region between Democrat establish young.,2024-05-19 18:30:11
140,198,414,4,Poor arrive lot pattern better plant certain seek name letter onto save listen season work.,2025-09-17 11:54:42
141,114,109,1,Imagine contain health yeah success soldier control add strategy really pull common between move perform.,2023-12-12 17:38:58
142,27,426,5,Figure moment between high anyone activity national large present argue.,2025-11-06 12:43:48
143,59,356,5,Single all friend society hospital sort return audience growth.,2024-09-28 02:14:10
144,96,269,5,On act let painting air benefit during four something whole ago left past become sell.,2023-12-12 02:00:50
145,124,10,3,Commercial behavior daughter spend not sea line away hope central build sound effect thank.,2025-05-19 15:13:32
146,106,419,4,Sea society your book cold space who listen according either each.,2023-12-26 23:40:20
147,129,66,4,Stay service fall skill total contain certain possible address.,2024-08-07 02:13:03
148,58,13,2,Democrat onto sense center run view room on figure.,2025-08-15 16:10:42
149,196,266,4,Something listen Congress pay decade consumer political good behind type like bad letter stand.,2025-05-27 14:23:25
150,185,367,5,Agency wife care way still grow music born already black offer book western Mr two.,2024-01-24 19:44:12
151,82,349,5,South music identify serious experience parent movie including look.,2024-10-12 14:38:16
152,96,500,4,Purpose camera less yourself traditional matter especially lay age see just price with with body.,2023-12-10 11:16:19
153,6,469,4,Factor suffer candidate join analysis idea say shake value shoulder wall cut part room.,2024-02-22 12:19:29
154,197,269,5,Size woman everything especially join last week mean bring off.,2024-12-29 03:29:44
155,77,336,4,Five it challenge talk collection young current risk rather sea term grow forget.,2025-09-27 16:05:46
156,143,200,4,Seven ability again nature heavy soldier season yes law order.,2025-03-04 16:52:11
157,174,180,5,About minute should nothing bed edge image.,2023-11-17 06:17:21
158,46,205,3,Often task begin nothing scientist charge dog.,2025-04-30 15:44:18
159,64,205,5,Cut lead story pull war officer least respond and across somebody front myself successful.,2024-01-18 01:12:56
160,172,370,5,Interesting yourself home American age others subject operation everyone despite its three rich each knowledge.,2025-11-06 05:18:42
161,98,194,2,Model be begin page position reason form center.,2025-02-02 12:33:14
162,86,39,1,Change adult player source professor attention data several everyone in land.,2024-09-01 12:32:47
163,70,36,1,Parent economy old region tell it challenge approach around case thing return special relationship much.,2024-01-25 08:28:31
164,200,404,3,Charge case development land two eye ability which hospital almost get thought market read.,2025-10-18 00:13:30
165,16,365,2,Life smile grow wife in civil us general lawyer.,2023-11-21 17:52:16
166,112,143,4,Beautiful people yeah nice cause red blue break industry attorney computer.,2025-03-19 17:46:14
167,78,84,5,Generation adult program throughout boy all let common area interview age be.,2025-01-24 09:04:47
168,137,439,5,Mission leader ahead rich second compare worker camera same understand.,2024-10-12 00:45:55
169,121,50,3,Go by pressure enough mother hear marriage investment.,2025-06-20 20:33:35
170,85,492,4,Difference spring through tree senior fine rise wife figure concern certain key.,2024-05-03 02:55:32
171,167,12,3,Him whom blood because door hand rest sometimes work who finally.,2025-09-01 19:14:50
172,102,281,4,Else glass which bar yourself movement clear fish big.,2025-04-25 21:36:55
173,9,167,4,Step property consumer laugh about hot industry speak various.,2025-11-08 00:25:58
174,83,224,5,Well task everybody baby unit these this impact nation member such so fall.,2024-11-11 23:55:05
175,141,201,3,Production official police gun already window board member.,2024-12-08 00:43:14
176,156,290,2,Low feeling certainly dog ten speech film film information school her charge book beautiful so.,2024-10-16 09:18:17
177,110,487,3,Painting seem clear either size admit hundred real song poor because.,2024-02-19 07:17:05
178,41,378,5,Provide partner similar national bag chair eat tax.,2024-10-13 10:40:12
179,60,238,3,Fill front only explain themselves me condition ask might only.,2024-10-06 06:04:08
180,68,53,4,Age if employee similar girl better beyond analysis before spring he cultural seek bank risk.,2024-05-25 03:48:34
181,71,78,3,Budget husband financial season month above watch.,2024-12-04 23:30:39
182,17,433,4,Beyond role the his would dark artist recognize bit.,2024-10-27 04:23:08
183,118,360,4,Stock performance treatment anyone become everybody voice decide try little bring blood ready section operation.,2024-11-11 15:35:24
184,124,191,5,Increase sit bit piece hold until set vote raise pattern seem anything medical better possible.,2025-09-01 20:18:15
185,140,386,4,Start forget half act build deal join development morning relationship against two newspaper put.,2025-08-26 09:57:12
186,53,15,4,Mission about case life set resource life watch black agree real book past.,2025-08-24 14:29:33
187,171,171,5,Candidate dark other serve plant his loss simple movement.,2024-11-26 01:00:44
188,59,200,5,Study American there nice black total consider expert address reveal near six.,2024-11-10 18:50:53
189,72,383,3,All college either test create should degree house control wife business one smile his.,2025-04-17 17:53:40
190,152,159,5,Necessary suggest employee project after song radio ground join real early sure.,2025-10-25 10:21:54
191,165,116,3,Recent vote wall become area break image fear certain authority lose act.,2024-04-16 16:53:00
192,147,196,4,Another wait spend mission election site example deep security both Mrs develop.,2024-02-29 13:53:12
193,55,295,5,My fall at age feeling blue interesting speak avoid administration teach.,2023-12-21 14:14:53
194,198,404,4,Big treatment help rest shake research writer recognize identify.,2025-07-24 01:37:24
195,92,118,3,Discuss test pass form finally before about admit budget set.,2025-10-23 15:21:54
196,118,118,5,Inside shoulder choice measure space skin talk business line necessary fly share ten carry.,2025-07-05 14:42:50
197,140,402,4,Town traditional forget better doctor head none media.,2024-08-06 08:24:50
198,145,362,4,Employee heavy voice animal provide out claim same affect fast fall serve.,2025-08-30 15:38:21
199,166,216,4,Sign institution leg center group kid agree data step less gun south.,2025-06-23 09:29:27
200,91,161,5,Mother political discover professor article best fish without morning simply thousand fast authority feeling.,2025-09-02 20:04:30
201,47,27,4,Relationship public himself class common employee seem rate idea challenge late never.,2025-08-23 22:00:44
202,75,13,4,Young large investment carry knowledge throughout raise century watch teacher relationship.,2024-08-03 22:27:38
203,120,201,4,Risk whom husband individual catch page design more reveal structure.,2025-02-28 23:17:55
204,106,33,4,Image public air enjoy truth model hotel.,2025-04-25 22:15:31
205,120,254,4,Computer really sister since employee get agent modern strong sign.,2024-11-17 13:50:05
206,13,429,3,Officer score whatever force table investment either across court prevent.,2024-07-22 01:13:58
207,119,85,4,Late say matter think matter fund effort job baby relate agree story money.,2024-03-08 12:11:48
208,93,153,3,Local team see candidate rock Congress relationship compare poor.,2024-11-23 16:43:40
209,60,318,4,Blood avoid let he thought international building man.,2024-10-08 16:57:21
210,75,21,1,Arm family pattern myself box environmental need officer discussion.,2024-09-01 07:36:29
211,159,270,5,Vote structure western account once southern cost together section.,2025-01-29 21:05:05
212,88,495,3,Add you three continue however many back institution agent author let thought affect democratic young.,2024-09-20 22:35:08
213,12,129,5,Knowledge sing thousand rate walk fact cup continue strong contain.,2025-10-27 07:39:26
214,167,419,5,Heavy difference both space civil everything kitchen without trouble accept develop.,2025-01-25 08:38:36
215,43,238,3,Scientist series foot article thing past partner.,2025-01-15 10:24:28
216,137,330,1,Board page scene different left citizen serve conference technology civil occur state.,2024-05-05 19:09:26
217,23,217,5,Present fear significant stage arrive store responsibility laugh position station law coach.,2025-03-29 19:38:05
218,184,143,5,Green day majority perhaps phone health laugh a teacher itself staff.,2024-10-05 09:56:37
219,115,168,5,Year send suffer against and act resource billion where such organization coach sign tough.,2025-07-10 10:18:38
220,34,450,4,Think draw allow else occur alone different together give court deal.,2023-11-20 07:11:05
221,41,364,4,Each attack child hear present former table arrive peace.,2025-06-03 17:37:01
222,30,209,5,Writer exist someone raise almost talk ok spend speak expect.,2025-07-15 15:55:15
223,73,55,5,Perhaps sense early themselves far east try option car speech.,2023-12-05 21:43:20
224,162,327,4,Nor science yourself discover call whole especially establish class often know four.,2025-02-22 00:41:48
225,70,480,5,Fine themselves over care argue central whom husband away least onto everyone assume.,2023-11-26 18:24:36
226,88,83,1,Consider simple environmental behavior data large performance someone one Congress land reflect between.,2024-08-30 10:29:55
227,133,264,3,Reveal campaign interest week list character table picture human him.,2025-10-12 03:45:18
228,132,361,5,Red three international large short ago number citizen score.,2025-01-02 05:35:13
229,116,96,4,Firm case article coach black government discover forward act behind decide.,2025-07-06 18:01:00
230,44,273,3,Beyond policy federal program any surface magazine option point.,2024-06-04 20:56:38
231,120,143,4,Painting camera realize edge capital wife maybe door stand pick push red music body.,2024-04-03 06:31:56
232,88,313,3,Few my manage issue plant stop cup.,2024-04-25 12:21:47
233,97,187,3,Serious open worry involve believe their wall coach level myself.,2024-06-27 07:49:27
234,79,427,4,Ever third four me six same most stop must win fly join soldier.,2024-02-28 01:00:59
235,112,333,3,Small adult meet huge by once collection figure describe sister themselves say bag.,2025-02-12 01:18:15
236,39,467,5,Collection city contain go sense mouth good somebody value if series writer language.,2025-01-17 07:41:11
237,142,277,4,Country set thing position before watch society early event explain of order small.,2025-02-27 11:56:14
238,85,238,1,Hour story kitchen care huge energy store garden stuff while guess create at.,2025-08-25 12:11:49
239,66,195,5,Positive affect discuss avoid say base detail have customer people care.,2024-07-03 13:44:51
240,70,19,1,Behavior wear develop system reason information again more left probably fly exactly book rate.,2024-10-04 20:41:54
241,27,408,4,Listen job candidate example remember require government address.,2024-07-25 01:50:53
242,163,328,3,Leg customer interest know international chair development born work though.,2025-07-18 02:19:24
243,138,427,2,Boy poor society else Republican whole federal voice resource home everybody stage break.,2025-06-18 20:45:28
244,95,264,3,Least less probably home gun week thus sell instead realize.,2025-07-20 20:17:02
245,149,12,5,Page conference window standard they speak list teach beyond nearly after.,2024-01-21 10:09:34
246,165,305,5,People north common recently American collection night knowledge entire environment shoulder collection environmental into.,2024-08-01 14:14:05
247,29,130,3,May home eight now young close them significant have different.,2025-08-30 06:08:54
248,143,325,4,Individual nothing exactly life cup its relationship as activity.,2023-11-17 16:46:49
249,105,359,4,Fund may front those loss want company hospital everything fly operation administration something ok detail move.,2024-06-05 14:07:47
250,103,371,3,Anyone major positive improve behind develop measure trade energy defense anything road bank.,2025-06-21 15:25:11
251,8,465,4,Successful white goal indeed to support capital theory sense identify under top site happy.,2024-07-02 20:09:00
252,127,190,4,Mind staff second number voice chance little receive.,2025-02-05 06:25:27
253,60,130,3,Action military free recently power study his face.,2024-05-16 15:44:56
254,188,113,3,In think almost tonight direction easy environment interesting meeting deep how popular.,2025-04-15 09:38:22
255,146,337,5,Against identify red thought build usually consumer contain improve tax.,2025-10-22 23:20:39
256,173,111,5,Politics simply pass side laugh positive issue design service put space another likely day increase.,2024-07-08 20:31:58
257,199,296,3,Recent really than mean loss hundred score fire yes.,2024-07-22 19:34:20
258,189,295,4,Such PM number catch brother lay energy.,2025-09-10 10:13:40
259,106,162,5,Institution record back ten radio kind imagine day stuff several I clear us put they.,2024-11-17 19:26:58
260,14,228,5,Want oil concern student stuff bag yet staff us make.,2025-01-24 14:34:23
261,66,117,5,Industry follow third daughter sound less leader trial accept.,2024-10-08 16:06:11
262,15,491,4,Particularly commercial onto citizen deal receive movie west doctor this push.,2024-05-17 14:26:36
263,118,254,5,Few writer own affect executive simple particular industry agree herself conference pay.,2025-08-12 17:57:35
264,151,415,4,Keep ability election parent class yourself discussion tree score everyone skill speech recently situation really.,2025-08-14 16:33:48
265,190,187,2,Letter much increase maybe until hit heavy political.,2025-04-13 10:08:13
266,128,218,4,Question gas population oil sense total appear here surface think.,2025-02-08 09:59:52
267,74,209,4,Top pressure behavior ability vote simple boy approach out.,2024-03-15 10:21:12
268,17,37,4,Piece amount they data message much military together which assume city change close.,2024-10-02 05:56:51
269,9,161,5,Community thank fast federal money sell air sure leader might process whole week contain positive.,2025-03-19 14:01:39
270,128,470,4,Become industry able view rate rest this his body son image.,2024-02-26 01:35:36
271,177,176,5,Newspaper most subject drive build arm serious.,2024-03-30 07:24:58
272,103,203,2,Create top enough especially for organization picture contain education your quite themselves tonight.,2024-01-17 06:59:37
273,180,75,3,Action second specific us central class theory Democrat others.,2025-02-12 00:38:43
274,104,196,5,Voice choose development hair across necessary entire later.,2025-08-15 09:11:31
275,5,424,4,Economic heavy set a truth family heart card.,2025-07-01 06:49:12
276,76,88,5,Among great recognize interesting may bad mouth keep happen walk quickly.,2024-05-22 00:04:11
277,162,286,5,Still evening theory member chair good response later marriage military everybody Republican in.,2024-04-16 16:08:54
278,105,237,5,Discuss although idea less simple wife imagine one can.,2025-02-08 20:24:04
279,106,55,4,Note machine treat thought toward care anything either painting hit close.,2024-09-29 05:25:49
280,90,438,2,People action indicate authority law use on computer throughout help world training way price child.,2025-10-25 18:14:26
281,191,348,3,Social safe easy fly need local win new less many particularly head sit activity building effort.,2024-03-28 07:37:33
282,150,326,5,Model term edge part east force owner.,2025-06-16 16:00:01
283,20,150,3,Wish outside choice call act above at father present probably.,2024-11-11 11:24:24
284,135,359,4,Chair pay section attack society scientist product table that room nor design brother.,2024-04-21 18:03:28
285,159,363,5,Specific many charge player myself car option music popular strategy himself civil skill vote career.,2025-10-20 22:14:45
286,29,117,3,Forget wide power area consumer front discussion.,2025-01-31 02:42:08
287,93,357,3,Year into wall bill wall next per by visit vote still nation win staff.,2025-04-02 07:46:36
288,169,479,4,I capital above listen hair physical able past important view issue four.,2024-11-22 06:10:38
289,31,171,4,Serious prepare run white face suggest finally somebody film.,2024-06-02 07:24:43
290,193,390,3,Represent fish who prevent lot peace sure best appear.,2024-11-29 22:43:42
291,154,336,5,Cultural college many wife artist industry serious seven conference and reason street season on.,2025-05-29 04:17:44
292,158,500,3,Opportunity middle cover least couple rule special system.,2024-07-13 09:11:34
293,53,209,3,Suggest expert participant sister management agent seek movement tend simple firm.,2024-01-05 05:25:03
294,181,173,5,Reality like focus since part skill picture.,2025-10-28 22:45:47
295,88,411,3,Table window bed reason which coach Mrs girl environmental himself will already sport next government.,2023-11-16 08:01:20
296,95,169,3,Get score rock space fly strong end responsibility people protect eat project.,2025-10-31 04:57:37
297,47,428,4,Another man list anything action early stock actually find throughout bring everybody adult.,2025-06-28 09:33:22
298,194,318,4,Page small national condition sound agency decade him shoulder short.,2025-06-10 17:57:08
299,35,19,2,Draw he star never range everything will.,2025-06-14 21:15:52
300,57,160,4,Process move actually hot church recently bed.,2025-10-15 06:15:12
301,83,106,5,Executive join outside term reveal garden individual customer usually painting life enough.,2023-12-01 06:06:41
302,104,250,5,Traditional tonight seven subject maintain measure who next yeah amount collection without resource outside.,2025-03-06 23:48:35
303,5,498,5,Must reveal realize though example develop begin race.,2025-10-22 09:15:04
304,84,29,4,Specific her benefit Mr network night garden song drive.,2025-04-09 09:29:55
305,160,24,4,Born prevent allow yes sometimes public city adult difficult.,2025-10-18 03:00:31
306,153,44,5,Question live weight guy everything lose recently so tell quickly quickly case policy cultural.,2024-10-24 21:47:21
307,43,183,4,Eye second statement occur role office instead society.,2025-07-31 14:47:26
308,2,75,3,Young car imagine easy reflect office type guy wish case his science feeling.,2024-02-23 23:24:50
309,128,159,5,Main new large democratic home husband former spend hotel among how its.,2023-11-21 16:47:52
310,197,100,4,Analysis room thought because plan entire account nation building teacher only or.,2024-03-22 07:00:37
311,131,105,1,South down agreement half age energy citizen customer.,2024-11-06 13:10:38
312,2,4,4,Nothing receive happen tax off station wide among perhaps mouth amount tell.,2024-11-09 04:34:01
313,200,60,3,True way various product election event picture weight analysis experience news painting.,2025-05-06 20:23:58
314,185,35,4,Understand different bed newspaper piece building nature hope picture morning exist.,2025-08-27 20:22:40
315,110,288,4,Seven huge image term others rate change management manager fire imagine.,2023-11-24 13:55:07
316,32,331,3,Wide impact specific style finally institution language fast tell child.,2024-10-07 16:04:09
317,69,146,4,Administration culture son as mean agree hear current above kid quickly play bed.,2024-12-05 06:34:44
318,182,430,4,Firm approach money occur health conference few decide.,2025-02-16 00:54:15
319,68,315,3,Film note argue heart enough seat degree quite floor voice truth on.,2024-07-20 05:24:16
320,59,143,5,But value bag poor modern offer huge who view summer identify Democrat form those.,2025-01-18 07:08:37
321,82,386,4,Crime focus parent enough provide least natural according rather any.,2024-04-07 11:14:47
322,174,104,5,Year really suggest soon become enter talk south beyond control.,2023-12-05 00:51:54
323,188,233,4,Growth major describe sure century relationship recognize defense radio decision your if else control night card.,2024-05-19 16:10:25
324,60,270,4,Spring various time least pay order cost close list.,2024-05-17 02:21:34
325,194,489,3,Usually city return test prepare another draw consumer offer edge yard assume pattern direction sometimes might.,2024-06-30 01:02:59
326,22,329,4,Defense father process painting moment threat across pull former.,2024-07-21 14:17:31
327,142,340,4,Foreign environmental garden to arm unit food nothing.,2025-03-02 12:01:43
328,172,265,5,Attorney necessary determine ahead respond hotel expect early pull contain serve year right character campaign last.,2024-11-11 19:49:42
329,86,34,3,Data away though media whether western I federal long understand.,2024-10-24 06:04:15
330,164,42,4,Debate gun draw something friend finish perhaps.,2025-07-25 14:10:42
331,127,205,2,Career explain road also list remain road car many adult possible.,2024-10-17 13:21:49
332,200,249,4,Sit happen cold law case notice able unit store add always religious course meet.,2024-08-18 08:41:02
333,55,84,4,Third somebody watch rock executive language fire magazine only bit understand wonder recognize.,2025-01-31 12:07:11
334,118,3,5,Security stuff remain success our back out relationship interview operation per fire finish term.,2025-02-21 01:47:21
335,125,189,3,Central indicate their fast camera seat wish either herself candidate.,2024-03-16 02:37:08
336,91,166,4,One various move prepare produce travel forget explain usually direction administration record consumer late scientist.,2025-10-29 04:08:03
337,48,208,4,Case cover option most trip voice feel step upon.,2024-03-19 17:37:01
338,104,468,4,Huge leave mean man suggest similar money training can late poor power.,2023-12-30 02:31:02
339,39,460,4,Price win face hold anyone recently would customer rich offer have fill.,2025-06-17 21:02:18
340,21,193,4,Outside win why hot send foot into kitchen especially simple hit third must wife task.,2025-09-11 16:39:32
341,143,16,5,Child house budget style arrive they individual his car between follow too run.,2025-04-29 18:43:35
342,90,373,4,Image everyone material unit water follow seem grow management between whom effort issue accept.,2023-12-25 19:53:17
343,178,242,4,Model front skin increase most car raise group increase good foot child through.,2025-09-14 09:48:24
344,37,166,4,Employee show open line fast century summer cut more treatment your.,2023-11-28 09:34:38
345,192,47,4,Simply student star test room laugh when impact animal performance special environmental trouble mention in.,2024-03-28 20:31:25
346,110,312,4,Something four any particularly movement air participant.,2025-09-23 00:16:06
347,181,244,4,Section defense property activity show point statement little machine suddenly start.,2025-02-04 11:37:43
348,4,173,5,Career evening wrong new body guy participant money federal trial less government show seem.,2024-12-01 11:05:51
349,84,250,3,Write wind add focus policy well of quality thousand once physical.,2025-01-14 05:47:43
350,160,140,5,Cell work ability response economy chair the.,2025-09-10 13:19:10
351,161,489,5,Soon wide government most window cause minute.,2025-03-03 09:52:58
352,44,163,4,Light such child dinner nor key least.,2024-06-24 02:46:22
353,70,214,4,Join guy half we prevent at tonight scene year rather return cut may senior can.,2025-02-28 04:30:54
354,26,489,4,Skill mind how method visit black inside each short collection through all.,2025-03-28 12:00:52
355,121,213,5,Reveal heavy performance evidence learn stuff fall might better word court able.,2024-09-23 02:39:04
356,190,498,4,Successful degree whom trip beat begin speech type sometimes.,2024-01-24 08:43:30
357,84,151,1,Must change single though statement start none increase nature structure value until dog least.,2024-03-06 08:55:01
358,159,79,4,President budget person watch agree charge commercial likely still argue.,2025-05-18 10:58:09
359,183,298,5,First evening son my point argue thousand exactly letter land follow else phone.,2024-10-25 23:27:29
360,105,9,2,Market finish order back stand ten must rate successful see leg at on.,2024-07-21 01:40:50
361,100,180,4,Owner newspaper few member part Republican hospital if near measure nearly kitchen day age.,2024-03-15 00:38:07
362,39,335,4,Rate human character order race Congress very.,2025-07-17 23:32:15
363,119,424,4,Agreement sure scene natural southern between up positive music poor suggest six better short spring ago.,2025-08-18 22:58:34
364,29,119,2,According I resource sure other their another only detail single operation century network throw.,2024-05-07 02:45:18
365,188,188,4,Town memory upon job field top TV drug first inside foreign.,2024-12-16 03:13:24
366,44,242,3,Including million role different window full real actually main door big color south together design follow.,2024-08-05 11:51:39
367,159,336,4,Amount such five put allow camera behavior long page theory development event state enjoy find word.,2025-01-05 14:39:17
368,72,262,5,Bit baby ask thousand week prepare reduce sell view within.,2025-07-23 08:40:34
369,85,447,1,Surface cup movie know food seek standard simply own season old just.,2025-09-23 01:24:32
370,54,254,4,Pay Mrs them central police few sing environment international factor include list special agent.,2025-06-28 12:13:23
371,177,398,4,Standard institution task west sport at design care floor despite.,2024-12-06 11:38:06
372,46,41,4,Product than great war hand relationship civil travel protect production do meeting which similar.,2024-04-25 01:19:19
373,175,290,5,Carry stop former happy relate fight clear.,2025-08-14 09:28:12
374,132,21,5,Dinner feel heavy yeah health nearly phone effect easy item.,2024-09-12 09:30:49
375,146,397,4,Water travel feel some suggest remember home.,2025-06-02 00:02:50
376,166,323,5,Generation place ground exist bank phone environment use upon.,2024-02-12 10:51:50
377,190,339,5,As able actually claim close message behind north author street expert your direction.,2025-06-30 00:07:10
378,40,216,5,Study property hit threat relate effort none really specific explain save.,2024-02-22 23:34:59
379,176,114,4,Special teacher movie eye PM drop cut various speech interesting table girl usually ahead rise one.,2025-05-17 09:49:02
380,117,57,5,Bring three indeed laugh but second wrong including weight.,2023-11-16 08:46:07
381,79,362,4,Young second trip everyone specific TV care support campaign.,2025-04-26 09:55:35
382,70,494,4,Environmental open always tonight decade just interest determine inside group.,2025-06-12 06:22:24
383,73,95,5,Behind ten pass force player everybody idea.,2024-06-15 07:06:05
384,29,153,5,Agree clearly early teach artist fight house guess think cell speak.,2025-08-08 02:40:22
385,115,462,4,Body himself majority campaign design nothing site.,2024-08-18 06:20:07
386,22,240,5,Throw plant green serious police magazine just surface enjoy begin part ago.,2025-11-04 10:54:04
387,130,449,4,Follow win sea free as reveal decade view why single understand eight near loss Congress.,2025-10-22 11:47:39
388,7,154,4,Director a light drop do education guess her school base rather factor stop chance behavior.,2024-06-04 16:57:19
389,176,425,1,Leader military operation first as themselves account add focus during many itself believe create recognize source.,2024-12-09 03:44:56
390,23,147,1,Art rich movie whole beat deal base.,2024-01-25 17:44:28
391,166,179,4,Economic item movement color billion son magazine nature.,2025-01-14 11:07:26
392,54,455,3,Best past if modern institution can set stuff image nature study central into official.,2024-04-16 22:25:55
393,125,404,4,Under return head enjoy religious cultural identify apply crime continue.,2024-12-09 06:37:14
394,130,166,1,Them with reality friend receive push trip catch explain believe eye check identify.,2024-11-22 08:11:07
395,1,187,1,Billion away floor open center believe teacher.,2024-10-09 20:33:15
396,64,21,5,Day science cell career carry also yard discussion with candidate.,2025-04-14 14:23:20
397,135,295,4,Another help pretty believe professional pass another away serve.,2024-06-01 01:33:27
398,26,23,3,Fill difference big direction company consider her win someone citizen run effect strategy in exist.,2024-02-21 06:10:46
399,170,105,4,Fight may fear sound participant into above enough mention investment.,2024-06-10 01:44:09
400,46,477,5,Seat role on ground join law prove person term.,2024-05-21 13:28:13
401,108,81,1,Product nearly person concern line discussion if similar free concern himself.,2024-09-24 05:17:27
402,87,329,4,Sport none at maintain today whether have east policy art trouble indicate.,2024-02-04 22:26:58
403,124,347,4,List yeah despite identify ok he eye kid yeah establish share.,2024-10-17 12:52:04
404,15,199,5,Project full night recognize record imagine seven thing office thousand security child.,2024-04-20 12:39:19
405,15,31,5,Management or fear full bank political tell recently industry cultural personal use food.,2024-04-28 06:13:15
406,183,429,5,Improve foreign see east officer include big room chair not opportunity.,2024-05-16 19:02:09
407,185,318,5,Part threat national price indeed great different watch bar hour sit pretty reason because each market.,2024-04-24 22:22:32
408,58,346,5,Capital arrive reality simple significant wall event party sport where tough affect to hit.,2024-06-15 21:05:42
409,191,430,5,Debate capital business experience six option fear significant however follow everyone century official story clearly.,2025-08-30 13:15:21
410,137,253,5,General if true course board catch us team open tonight activity.,2024-09-17 07:53:38
411,99,179,4,Energy suffer bag property consider including treat responsibility note because improve writer agent radio nearly.,2024-05-02 21:06:21
412,132,470,4,Determine book bit hope college size number box simply east own rule.,2023-12-11 12:35:36
413,171,392,4,Crime discuss will democratic truth information lot son.,2025-04-30 18:21:04
414,22,304,4,Move beyond animal nor something enter rock western ten management describe.,2024-01-11 14:44:01
415,75,444,3,Training before hundred wish official report production bar agent summer prevent.,2025-10-31 21:16:42
416,116,294,5,Throw although morning store individual indicate budget trouble yourself.,2025-06-18 04:25:35
417,139,32,5,Then own east certain western show election time.,2025-11-10 01:52:55
418,120,369,5,Few end choose art five avoid article long worker benefit study up.,2024-01-31 15:13:53
419,100,127,5,Tv him bag skin between reduce beat many data career.,2025-05-16 02:58:06
420,66,312,4,On finally summer administration career town protect above.,2025-11-08 18:31:00
421,179,489,5,New pretty eye budget subject least place first training value avoid upon defense job support.,2024-08-27 10:16:12
422,14,10,4,Herself team could author never who also PM feeling wife price her site your.,2024-03-25 17:13:38
423,109,481,3,Political budget exist answer report bar friend former in professional.,2025-04-12 07:24:14
424,196,306,5,Home image education general cold follow serious market find.,2024-01-12 11:57:15
425,147,351,3,Catch guy main speak various level myself.,2025-05-15 15:03:46
426,17,32,2,Every moment travel international page media word our wonder air black wrong red future later voice.,2025-10-27 11:16:38
427,17,120,5,Decade hair measure though system contain point beat choose identify set gun happen.,2024-06-03 08:49:16
428,62,144,1,Them live professional bar teacher president ever stuff above stand meeting what.,2024-10-07 04:30:38
429,59,129,3,End skin mention sing bill above why wonder in.,2025-01-08 19:05:34
430,1,483,5,Arrive evening will service magazine movie account imagine court result business thank process cause central challenge.,2024-03-30 02:55:23
431,63,301,5,Choice actually everyone force choose cover yourself opportunity father ability begin risk never laugh sort.,2024-05-10 10:20:27
432,163,290,5,Three big break east project step watch fire five sister kitchen certainly.,2025-07-02 06:50:12
433,26,424,4,Option type account upon eye policy very grow majority wonder out less drive camera music.,2025-09-06 13:45:41
434,184,231,4,Agency feel performance travel Republican forget feeling party.,2025-09-22 04:26:49
435,46,179,4,Skill member trade upon enjoy light improve law run.,2025-03-17 14:43:09
436,81,35,4,Nearly compare political purpose unit development history series marriage.,2025-10-24 03:20:51
437,197,56,4,Politics whose purpose dinner next significant property best station per toward know use tough state.,2024-09-22 19:59:02
438,104,289,4,Office five forward follow general manage head occur recently again service cost thus a industry who.,2025-01-28 04:04:14
439,35,398,2,Ready grow check part myself address at.,2023-12-22 20:27:04
440,169,187,5,Former least do series he throw bar five know behavior development professional attorney.,2025-02-13 17:15:53
441,24,487,2,Around group play mention create reveal pattern claim party huge especially least study teacher Congress.,2025-07-30 16:26:14
442,37,263,4,Mother push drive cell economy defense mention.,2025-07-02 18:55:59
443,146,127,4,Event lawyer call book former east their.,2025-02-23 12:16:15
444,65,116,3,Foreign full learn suffer once agreement company material.,2025-08-04 13:36:19
445,14,16,4,Address everyone hard article you defense price per full outside grow us.,2025-09-04 02:46:59
446,1,225,4,Focus Mrs special moment difficult evidence treatment cause.,2024-10-18 03:25:44
447,109,276,3,Contain think pay before citizen magazine week outside stop ago beautiful less until.,2024-03-31 13:18:07
448,192,151,4,Grow drive compare image page little wrong above determine.,2024-02-21 05:27:41
449,10,76,5,Seem will building discover church and mother visit group continue and believe.,2025-02-11 14:47:55
450,165,84,3,Blood dream during health difficult page be.,2024-01-02 04:48:51
451,128,476,5,Around against remember possible involve heavy contain.,2024-08-05 16:29:30
452,73,84,4,Resource quality record ask science government outside able last young speech central.,2023-11-15 13:39:27
453,125,423,2,Soldier general sound describe sea bar his physical let site shoulder.,2024-06-23 11:08:02
454,87,372,3,Heavy kid explain each actually science past war good question record bit.,2024-01-16 13:24:17
455,162,109,4,Wind into inside into around computer likely to individual by six civil beautiful record.,2024-07-21 15:35:52
456,164,329,4,Natural image avoid return art car attorney box long natural until agency pick local.,2024-10-12 07:31:09
457,15,55,5,Friend career cup main much one author catch stand might.,2024-06-23 04:03:05
458,110,452,5,Happen determine marriage bar suffer paper court always voice each store significant early sell north.,2025-05-09 11:52:04
459,197,254,1,Them reflect available century join outside phone surface here.,2024-04-25 07:11:03
460,74,464,3,Wife sense movement election make network soon market garden.,2024-01-09 19:12:15
461,114,299,5,Time try cause behind single project air hold good red hotel contain.,2024-10-25 22:27:33
462,158,490,3,The hard south maintain year firm generation while travel major.,2025-08-24 07:39:17
463,142,120,3,Pull finish seem party within employee kid fall international clearly sport official.,2025-05-18 05:54:20
464,43,486,4,Store against image catch accept including can nothing force move free body.,2025-08-11 21:24:21
465,74,92,1,Term she seek then represent conference war.,2025-06-11 17:48:11
466,168,360,3,Reduce pass once democratic range especially catch capital book join site he.,2023-11-18 14:21:25
467,86,428,5,Challenge cultural throw left worker ready take property recognize.,2024-06-25 00:36:56
468,1,270,3,Win rich less theory health tell fact pretty learn data power morning.,2024-01-26 21:51:10
469,15,378,5,Laugh quite water world century drug know room choose argue note.,2025-05-14 08:44:37
470,149,210,5,First response house hundred role activity culture picture provide support six.,2025-08-03 19:19:17
471,70,113,4,International above attack catch soldier charge start subject through result military me environmental hold education.,2025-09-20 16:51:27
472,198,363,5,Data year defense support put herself water meeting voice reality painting material science beat deal.,2023-11-21 23:34:18
473,104,405,5,Policy education true three theory outside agency world true evidence resource appear.,2025-09-18 16:33:35
474,28,14,3,Certainly perform shake behavior nor Democrat anyone president three a.,2024-02-07 07:23:43
475,163,323,3,Factor body general tonight resource thus politics must any weight safe officer.,2025-06-25 10:34:53
476,164,348,5,Experience point article article drop give his.,2024-12-14 12:47:53
477,116,354,4,Away degree form mission pressure ever position local leader good anyone among.,2025-03-25 15:43:31
478,194,418,5,Billion idea use high language main spring.,2025-01-14 13:24:07
479,119,443,3,Already while part choice leg treatment bill today money next reflect.,2024-11-24 22:19:16
480,8,380,5,Job blood middle home wonder military institution be.,2025-01-31 22:26:06
481,102,194,5,Step history green save miss professional civil assume thank rest ten four without debate.,2024-04-10 11:07:32
482,164,82,4,Ground much open instead keep change hard half dream easy prevent.,2025-07-05 15:22:20
483,105,38,3,Clear city hundred center life since lot nice at form sport upon into machine than.,2023-11-18 13:03:14
484,84,412,3,According small game citizen stay condition senior involve nice positive.,2024-05-31 07:17:40
485,151,118,4,Attorney he school article floor themselves have feel blood draw sound level.,2024-04-11 03:00:36
486,199,409,3,Movement nor line though success police she.,2024-05-07 00:04:53
487,6,382,5,Ten suddenly wear soldier light turn wear break these may cell campaign run present TV.,2024-04-17 07:41:44
488,99,465,2,Sister article kind bar available still respond.,2024-06-18 15:27:01
489,66,494,5,Cover push major thousand who give probably support reality.,2024-10-27 10:13:43
490,33,42,4,Behind people up Republican interview build often piece board half particular glass human show.,2024-09-26 02:41:28
491,200,92,5,American participant race model doctor explain entire admit require charge view.,2025-08-28 08:39:03
492,196,242,5,War worry here Republican cultural learn customer reason camera because away.,2024-06-02 21:18:15
493,162,328,5,Worker region learn gun expect public instead several free small.,2025-02-12 22:35:07
494,112,286,3,Bar war also reduce analysis however stock charge.,2023-11-22 03:02:40
495,4,374,4,Mean care give occur decade energy light.,2024-08-02 09:18:17
496,124,223,5,Lay news take determine eye matter debate man become cost exist idea now stand his wife.,2025-05-20 08:39:41
497,23,435,4,Under world hold exist story speech age debate wall wear realize stage imagine half.,2025-07-12 00:32:17
498,106,266,5,Center hotel four teach or coach result prove face always alone thing push center national.,2025-04-14 00:03:53
499,46,441,5,Beat project help admit beat agency she.,2024-06-19 12:48:00
500,77,32,5,Station many boy west data arm population rise write floor.,2024-10-07 01:19:40
501,142,129,4,High require strategy customer actually trade arm also appear star.,2025-02-14 10:00:44
502,82,291,4,At kitchen box about wait table mother and money word.,2024-05-12 08:20:48
503,50,322,3,Recognize everything friend thing outside conference raise perform discover type relationship plan.,2024-10-04 05:17:45
504,153,151,5,Because show hour move poor mention specific cell case play mind give worker.,2025-06-28 07:33:23
505,40,13,1,Field learn recently eight leader about girl response available stock young already give nature deep.,2025-07-12 20:34:21
506,190,41,5,Across party market dark language mean without behind once by.,2024-07-11 18:20:28
507,33,179,5,Project paper listen impact tell positive serious billion speech.,2024-10-11 23:22:08
508,98,22,5,Real better manager huge today probably my when important door name town project agency.,2025-06-03 05:01:16
509,171,122,4,These site claim under commercial city interesting itself method reality action recognize crime.,2025-03-29 02:06:49
510,50,495,5,Beat house stage college nearly political put research whose a fact on space.,2025-01-27 12:26:47
511,135,129,5,Blood food performance lose charge follow owner many fast near could news where mother first.,2025-11-02 02:40:20
512,126,26,1,Truth wait fact significant body water hold lot.,2025-02-09 19:25:58
513,8,363,1,Occur well cause whatever television test go behavior mouth bag.,2024-02-11 20:48:42
514,32,224,5,Moment always their guess analysis responsibility contain especially region Congress way.,2025-01-24 02:00:22
515,62,144,5,Glass leg anyone do admit center cultural but room change plant as medical structure.,2023-12-13 06:22:45
516,161,191,4,Every occur why husband poor general yet class surface impact decision budget night his.,2025-10-03 17:14:35
517,91,172,4,Add weight police after carry energy common.,2024-09-09 03:50:41
518,12,157,5,Catch reduce off guy light society play yes recently force this real southern.,2025-06-29 13:31:50
519,40,213,4,Figure watch which happen impact since many anyone herself tough smile.,2024-08-22 06:57:01
520,31,40,4,Education head effort right exactly pretty to window production industry until.,2024-12-18 12:39:17
521,25,253,5,Program their media skill no task product unit pressure war.,2025-03-18 12:35:08
522,143,33,4,Take story democratic without stop military drive ahead production.,2024-11-07 01:23:23
523,124,230,3,Half likely under too fact city this impact sound night prevent power feeling the.,2025-06-03 06:42:28
524,65,14,5,You real term all agency right figure son guess result other mother husband.,2024-03-22 12:09:30
525,11,268,3,Anything culture common worry page cultural animal.,2024-11-12 06:36:40
526,47,39,4,Dinner scene trade suddenly opportunity especially small generation pick rate drop understand as case.,2025-01-22 11:09:58
527,41,32,5,Body although car recent above yeah age continue none find gas those.,2024-03-02 09:03:10
528,155,492,5,Others sign rather range station seek per strategy former bad return town born dream.,2024-08-15 01:41:39
529,77,224,3,Ahead year cold group those stage chance its put town south gas reality model many.,2024-12-29 17:23:43
530,53,492,5,Network quality give garden bag place issue American page training.,2024-01-16 23:30:45
531,141,351,4,Discussion behind live top fight stock fine range read recognize under individual listen name blue lay.,2024-05-25 09:42:12
532,85,253,1,Economic believe successful suffer property store hear institution return thank coach international third.,2024-03-29 04:45:04
533,181,118,5,Agreement election budget wish pretty hot add perform arrive number base strategy drive.,2025-07-20 21:24:42
534,156,486,5,Type our wear job management arrive friend Republican return start.,2025-01-07 12:28:29
535,98,327,3,Truth by quality rich key quality beyond community set.,2024-06-19 23:52:00
536,188,217,5,Still most new whatever final general very price practice arm.,2024-08-28 01:05:19
537,72,473,3,Staff husband hand teacher certain compare reveal blood effort likely short kid level paper ask responsibility.,2024-06-29 15:09:38
538,2,357,5,Agency expect else time miss religious positive eat third head trip be although president church wonder.,2024-11-24 23:44:26
539,182,363,3,Budget politics fly impact raise boy pull life call tough whether speak travel degree.,2024-03-19 19:38:08
540,109,56,5,Born interview rate bar approach me direction peace church order east note away focus design.,2024-11-06 21:24:18
541,140,62,4,Sing box agree carry message later a poor get organization peace rock health.,2024-04-15 19:51:08
542,119,462,4,Effect fish action write accept simply help southern.,2024-05-22 18:02:41
543,152,499,4,Manager party thought seat finally get area organization me laugh however down single evening painting.,2025-05-26 12:47:10
544,164,89,4,Event range learn girl personal movie rich drive interest measure.,2023-12-19 21:17:21
545,13,294,4,Thousand store professor land author the finish during.,2024-06-20 07:42:03
546,45,64,5,Art nation civil able dog price college someone community side science rate.,2024-01-13 20:29:38
547,11,480,3,Mission rich PM develop subject down north property beat voice long early herself.,2023-11-25 00:20:04
548,100,168,1,See or fill magazine lot animal age can either response sister whom tree lead.,2024-10-17 01:40:17
549,93,314,4,Especially half some some provide study fly Congress learn more.,2024-01-17 01:28:32
550,56,189,4,Think once ball enter politics gun various inside.,2024-11-16 06:59:38
551,41,430,3,Pattern general hope boy control into back keep same.,2025-08-06 00:48:24
552,84,176,3,Read put matter seek suffer drive great blood.,2025-06-13 16:13:22
553,106,61,5,Share high simply name vote head manager learn crime suffer modern section statement.,2023-12-21 08:25:25
554,131,97,1,Role design pretty response western project which few skin.,2025-10-03 04:23:46
555,70,95,5,Compare interest road a week book south indicate benefit fear phone bill.,2024-04-07 08:08:28
556,191,426,4,Memory both however mother instead thought indeed look success home help.,2025-01-27 08:16:15
557,32,425,4,Or total until describe necessary single discuss agreement must main owner political husband.,2024-05-09 12:43:11
558,22,153,3,She office Congress weight single religious way box.,2025-03-29 07:06:15
559,32,283,1,Lot arm form development ask traditional anyone sea rate.,2025-02-06 22:24:19
560,119,465,5,Bank later campaign church look million after movie.,2024-10-26 21:27:18
561,79,428,5,Significant watch present summer lose quality moment rock student minute edge office thus ok large outside.,2024-07-17 10:24:22
562,91,260,5,Upon care make book national important from individual might.,2024-01-27 22:20:23
563,37,193,3,People production yet through act baby deep song take tend finish technology behind impact stop.,2024-03-24 19:40:20
564,110,97,5,Leave western strategy large concern term increase industry figure improve maintain night audience off through moment.,2025-05-03 22:36:02
565,114,64,3,Possible thought apply most way recently box debate statement matter international management country raise commercial home.,2025-07-30 12:07:09
566,27,280,5,Instead building study baby pass money environment already summer financial.,2025-02-24 19:56:13
567,125,293,4,Drug pull over see he since me game.,2024-10-07 06:43:21
568,192,426,5,Quite true nature store check sure yourself design place certainly.,2024-07-22 10:19:21
569,19,40,5,Black speak attorney outside science follow thing at school wonder we effect.,2024-12-02 12:58:21
570,179,379,4,Today toward blood reflect consider could specific building my do our group best.,2024-04-24 16:35:44
571,189,395,3,Edge do finish design apply drug thus song our miss say simple perform practice investment.,2025-04-12 02:02:22
572,29,238,5,Gun small Mrs career everyone role none see painting compare blue.,2024-11-24 17:08:41
573,29,331,2,Forget watch understand industry meet at deal white like various.,2024-10-31 22:05:15
574,71,451,4,Long carry long difficult family action turn.,2024-07-09 14:14:31
575,29,145,5,Practice position same war behind pattern they style director.,2025-08-04 20:47:19
576,125,314,1,In treatment continue doctor fine top behind name.,2025-04-02 03:38:52
577,25,391,5,Face collection set need table choice world air really each student.,2024-08-26 22:12:53
578,18,144,5,Recently film in reduce visit brother save.,2024-10-10 22:18:46
579,152,223,2,Woman indicate ever partner office billion manager court.,2025-01-06 23:24:13
580,147,225,3,Religious today level floor store care stuff wrong range perhaps meet station history away top sister.,2023-12-06 07:12:43
581,69,426,5,Five floor environment see order compare plant company lose represent.,2024-10-16 08:31:58
582,177,134,4,Professional yourself outside simple now do Mr behavior economic strong person my senior participant administration perform.,2024-05-12 05:37:53
583,108,93,3,Camera president teach family her pull mention could improve cut feel.,2024-12-21 01:46:46
584,156,317,4,Page weight either line bill whatever money job partner rule meet simply gun explain expect.,2025-06-02 05:41:41
585,59,101,4,Computer want war never gas last daughter start against technology clear service nice tough mission.,2025-03-11 21:47:52
586,102,441,3,Participant these TV such tend eat interview toward them instead force follow.,2024-01-28 20:48:30
587,100,116,5,If and leader sort mission above seven sometimes future carry meet lay various worry.,2025-06-11 15:30:24
588,35,254,2,Population project might its last much often lead impact blood record talk against tell talk once.,2024-01-20 05:28:05
589,143,397,1,Perform traditional ball white Democrat model someone week usually large from.,2024-11-22 08:50:05
590,31,51,1,Industry road a full myself measure want rather his product end thought.,2025-04-28 18:37:09
591,162,446,4,Daughter reason wide happy thought work offer foreign third.,2025-11-03 17:20:04
592,23,431,4,Food training population sit impact religious social director gas animal station.,2025-06-19 06:31:43
593,95,54,5,Top somebody itself likely reflect onto tonight soon buy where such.,2024-07-28 20:42:21
594,111,84,5,Woman radio drive food relationship make season sense.,2025-09-24 11:34:34
595,112,434,5,Method smile pick set economic positive of serve imagine nice appear.,2024-09-09 12:34:02
596,189,344,4,Follow go affect style against bag shake keep official over.,2024-01-19 11:51:49
597,117,219,3,Possible ability family turn teacher challenge than remain least model serve any democratic foreign chair war.,2025-06-17 16:38:56
598,56,80,3,Democratic fight example pick election meet our section responsibility discussion Mr purpose character.,2024-05-05 21:47:52
599,175,78,3,Keep instead live success total large detail buy land evidence ground left.,2024-10-12 15:31:41
600,55,50,5,Push three hold wall know finish American pass travel.,2025-10-25 18:33:24
601,94,61,5,Major many situation whom teach party range practice wait stuff require catch government couple seek skin.,2025-09-27 07:18:16
602,183,334,5,While six live letter newspaper example enter.,2024-03-10 22:38:19
603,3,182,5,When lose level ball others go fear.,2024-01-13 06:12:52
604,196,212,4,Senior short prepare debate perform around allow response number everyone almost important.,2024-09-19 16:07:25
605,161,488,5,Rise change seat reveal gas moment when four price half garden Congress.,2024-04-18 18:28:00
606,65,5,5,Walk involve all raise trip several technology already letter.,2025-09-09 15:57:06
607,66,494,4,Say audience save spring once send gun instead bad ready our nothing save street year.,2024-01-21 14:16:44
608,83,14,5,Big thought maybe see language upon I baby role like interesting behavior poor possible memory.,2025-04-17 18:38:19
609,72,125,5,Exactly left on hundred prepare site himself.,2025-10-02 22:39:02
610,162,143,3,Remain administration health card identify within only admit politics.,2024-01-06 20:45:36
611,187,440,5,Responsibility reduce reality about Congress region many traditional talk firm study.,2025-04-26 16:37:57
612,69,196,4,Perhaps institution trip attack area attack then mother heavy final.,2024-07-11 01:37:51
613,180,367,4,Test degree opportunity bed law scientist fund end federal few campaign could paper example.,2023-11-28 03:57:21
614,58,363,5,Trouble difficult mean population study yeah Mr security record.,2025-09-12 17:17:34
615,54,381,4,Including understand ten look believe bed data hand measure could center method crime.,2025-10-14 19:11:22
616,137,251,3,Significant movement bad decide perform money Mrs point really major own gas performance.,2025-03-10 16:13:37
617,99,169,3,Speak mission relationship quality wind true wife network.,2024-09-01 13:24:34
618,89,321,4,Guess million thought tend heavy generation per Democrat day take onto find.,2025-06-29 05:24:40
619,87,89,4,Begin through she run yeah whether assume election history else region word community trip bill.,2025-03-01 15:47:26
620,182,2,1,Off season drug several appear onto type community middle choice toward far.,2024-01-21 21:35:37
621,42,483,4,Rich because economic forward political gun support weight fly although arrive.,2024-07-10 21:35:43
622,22,243,5,Act kid because Republican throw pattern thousand imagine pass field should.,2024-07-20 13:46:13
623,73,39,2,Image style it see figure write field situation score contain opportunity center voice tax.,2025-02-21 15:30:15
624,101,251,4,Game area fill bank peace safe bill information bit reason him.,2025-03-26 20:42:31
625,92,163,5,Real behavior arrive send style reduce money car professional care science identify.,2024-03-04 00:41:16
626,131,444,4,Station understand charge base specific green point color site structure nothing high certainly.,2024-12-30 03:37:07
627,46,92,5,Place market son remain second action notice cause son plan.,2025-11-11 23:30:29
628,32,196,5,Manage set necessary lay region citizen air whether produce tree environment fund.,2024-12-02 09:31:09
629,11,213,5,Effect course leg business particular because free too specific.,2024-07-29 10:34:47
630,153,168,4,This sort age upon trial way human south analysis need community very consider actually situation.,2025-09-03 05:48:35
631,88,40,5,Though enjoy west human woman whom among often either base me.,2025-06-03 04:24:44
632,128,260,5,Measure job white employee along too forget subject issue care method man meet member road herself.,2024-10-10 18:02:57
633,179,90,5,Perhaps down deal probably appear positive those catch option those yeah son test new across evidence.,2025-08-21 10:24:15
634,182,288,4,Everyone send total bag officer address meeting debate building return eight yes only wrong follow early.,2024-03-25 01:44:22
635,112,19,4,Face available represent business least nor answer gun film campaign dream grow behavior save listen.,2025-03-25 23:59:01
636,112,275,1,Star former determine price hour account news ten.,2025-06-26 20:16:03
637,185,69,4,Identify phone security including son here produce or coach similar vote movement control though moment.,2024-03-22 04:02:35
638,155,201,3,Too set book despite early decide join member garden movement fear walk institution trade police.,2024-12-09 09:57:48
639,59,340,5,Particularly human food necessary look especially exactly.,2024-07-24 23:47:08
640,125,120,5,Little chair discuss player ball local today raise remember outside city me performance ever remain.,2024-06-16 21:59:33
641,185,265,4,Whom ask player wife history thought up investment.,2024-07-23 06:20:29
642,92,429,5,Stuff present so peace interesting free environmental image skin.,2024-01-10 01:58:25
643,10,247,5,Single job thought particularly key out down reveal trial anyone western go.,2024-12-10 22:02:03
644,175,324,5,Article book six student beat say offer present choice.,2025-10-31 07:33:22
645,45,3,4,Certain modern service social Democrat sign outside look improve any pick.,2025-07-02 09:36:36
646,85,147,4,Job reason western source them wife ever soldier cultural feel above.,2025-08-27 11:45:36
647,38,409,5,That just drop some money hundred section bit generation end indicate administration.,2024-05-23 12:55:14
648,197,49,3,Child hotel past join talk use station idea red many answer four deal understand system federal.,2025-02-02 13:34:10
649,6,276,3,Blood real report start give know phone radio.,2025-07-30 22:15:25
650,104,225,5,Hair amount wonder these we wide reveal sure power prevent news team purpose law.,2025-09-24 15:26:38
651,125,69,4,Near become city consumer employee wall he local mention eye house knowledge.,2025-03-02 14:58:59
652,173,1,3,Story store bank sit none now beyond.,2024-12-11 08:23:30
653,196,252,3,Lay hear attention occur read federal soldier page.,2024-03-22 12:39:01
654,121,152,4,Deal beyond truth people concern service service military popular production live key.,2024-10-17 14:11:18
655,145,475,3,Here five today loss gun field partner possible remain police fill worker.,2024-10-15 16:15:42
656,39,24,5,Likely manage from improve nor week rise stop enter partner today main water really fear.,2024-02-10 15:01:59
657,118,129,3,Decision order level yes professional body wear poor left teach short pass.,2024-06-06 08:24:20
658,86,342,5,Production stand process reason low common wall life matter husband.,2024-02-03 21:01:22
659,86,390,5,Garden possible rule maintain believe move then hear degree professor.,2024-03-11 23:49:23
660,132,448,5,Team movie whom glass adult simple seek size student magazine.,2025-02-21 12:46:26
661,72,247,5,Strategy gun maybe president I choice today most training physical brother.,2024-04-13 10:26:11
662,123,462,5,Cold degree save skin point know feel let edge southern young know respond.,2024-05-30 20:50:22
663,6,347,3,Prove major speak star early fact new require occur yes million describe voice health.,2025-07-02 15:02:04
664,110,211,4,Also left course station beyond back girl question probably always bit see vote.,2024-11-06 12:07:52
665,52,245,4,So especially almost myself red concern more finish better tough choose see half special door.,2025-01-15 03:36:50
666,154,234,4,Interest I economic your so main drive these somebody reflect organization animal around campaign move Democrat.,2025-07-12 08:11:07
667,121,172,5,Whom discover generation blood create account evening another.,2024-11-12 18:49:14
668,129,197,4,Close play wish dinner if public different look sign nothing kid.,2025-08-13 06:13:08
669,183,77,5,Week environmental white cultural should wind property professional.,2025-10-25 06:18:25
670,120,285,4,Purpose direction hair pick such night check station message window garden we protect down.,2025-06-03 19:00:10
671,57,356,4,Special watch remain son center media shake hospital voice billion special public whatever someone.,2024-03-23 07:57:22
672,127,416,5,Enough price focus city help type one smile.,2025-01-12 17:23:48
673,103,261,5,South chair four peace fill with serve later enough pick help head Democrat hear standard.,2024-06-19 19:31:25
674,200,238,1,Under body best significant mother sure toward garden degree TV could.,2023-11-29 09:50:36
675,21,136,3,Certain deal stay poor beyond or know week investment feeling between single.,2024-06-19 06:22:05
676,15,64,3,Voice employee provide coach watch end mission cup food window tonight born kitchen must.,2025-10-23 02:57:20
677,50,325,3,Activity ability loss sing turn light lot run action instead professor itself will.,2024-05-17 11:19:49
678,8,5,5,Help science health low pressure ready assume indeed when material among nation suffer house.,2023-12-23 12:23:09
679,197,110,5,Bill hope off and though provide hit father foreign hundred pass.,2024-11-12 03:23:51
680,78,240,4,Body party husband follow town sell participant after six economic something.,2023-12-10 23:36:02
681,167,392,5,Rest seek population director candidate sport your relate other radio but attorney tell next between.,2024-09-18 15:28:50
682,15,220,4,Central hospital west left compare whether two attack eat top rock sit game commercial somebody.,2024-03-03 09:46:51
683,9,428,5,Both number upon agent remain lay society method center.,2025-08-31 00:20:09
684,83,248,4,Discussion significant happy discuss me fear radio perform bar impact large those for be find truth.,2024-09-03 07:47:37
685,187,297,4,Design real generation ago clear bank another space because treat each beautiful form message play.,2025-05-16 23:37:49
686,186,457,5,Not activity determine space television law manage manage tax recognize court generation matter traditional.,2025-10-09 00:18:22
687,84,44,5,Field can travel recognize above behavior hot must discussion play new fly dream history else.,2025-06-24 10:45:31
688,52,475,5,Law strategy leader tend itself art hold difference foot west successful use sometimes lawyer play.,2025-08-30 05:33:34
689,43,317,1,Successful police line door direction computer oil inside stock rise.,2024-07-31 02:37:39
690,41,152,5,To enough than break a myself to teach only red work rise describe bring.,2024-01-26 05:29:35
691,71,12,1,Hit task suddenly class anything organization support through growth often threat sort.,2024-10-01 10:08:25
692,114,67,2,Black anything well office hot thing gun purpose go.,2024-08-06 09:25:36
693,18,457,4,Change north lay coach raise decide medical environmental writer agent data action medical what.,2024-09-05 12:48:21
694,173,133,4,Teach score activity its rich rock consider tend practice television attack mind use site live.,2025-03-14 11:55:26
695,38,482,4,Third three keep hear American pressure notice throw image heavy market operation these.,2025-08-03 17:10:50
696,194,110,3,Attorney size area just draw group candidate others common produce allow much too.,2025-10-26 21:42:33
697,83,351,5,Explain clearly cover walk drop skin democratic operation discover.,2024-06-19 15:01:48
698,175,181,5,Against husband remain agree summer way not window remain quite able partner.,2025-04-06 11:09:01
699,167,259,2,Course join they follow cell figure carry gas lot.,2025-08-24 11:47:06
700,196,415,2,Almost him vote effect though new expert.,2024-11-21 03:47:30
701,61,319,4,Early bring official send son situation eight gun white toward morning according.,2024-05-25 12:08:13
702,149,363,3,Improve year wife half song look teacher week nearly point land however quickly.,2023-12-17 20:37:48
703,75,279,2,Reveal week collection eat avoid lose top behavior why tough.,2025-01-23 07:26:56
704,62,3,1,Who two week simply product music line modern low turn mind data something.,2024-01-13 11:00:40
705,126,7,3,Soon south note something community stage listen project hot feel interview.,2024-05-15 07:26:29
706,160,164,5,Set my media likely affect bad among money fine range.,2024-03-10 18:15:51
707,44,219,3,Chair city reflect sell bank thought guess.,2024-08-25 22:19:21
708,92,211,4,At every marriage case ten attention than especially indeed themselves floor.,2025-06-11 18:17:41
709,21,418,5,Sister green if quite language every stay.,2024-05-11 16:53:23
710,80,262,5,Area movement short factor myself voice country add whose medical management top read.,2024-05-01 02:32:22
711,77,83,4,Movement popular international somebody ten friend within child care magazine environmental professional garden.,2025-05-14 18:42:34
712,12,81,5,Per least believe and blood it participant suggest.,2024-11-24 15:52:48
713,45,41,4,Agree can available candidate budget none near result call.,2024-05-09 09:34:45
714,81,260,4,Wide last about environmental positive culture live future claim.,2025-10-21 15:01:55
715,172,281,3,Gas who place head follow by investment decision.,2025-02-26 14:56:14
716,26,234,4,Bar own wind tough level store least receive book social finally contain no.,2024-11-12 12:16:03
717,85,443,5,Old citizen candidate over military nation really concern president weight.,2025-07-22 03:43:51
718,53,369,5,Road dog under its smile lose think election course figure picture garden fight to.,2024-12-22 05:44:09
719,113,262,1,Close window heavy live front image represent film thus term positive strong party number.,2025-06-29 18:21:33
720,196,272,4,Establish move affect father fall ok industry anything air anyone.,2024-06-25 04:27:19
721,155,19,1,Over industry great direction indeed explain cold.,2024-09-06 20:49:15
722,131,441,5,Call energy child almost include outside apply set responsibility.,2024-06-10 16:47:12
723,174,303,4,Window treatment quickly chance drop want box least standard how treatment else whether foreign occur small.,2025-09-27 18:56:39
724,118,87,4,Plant miss call particular development without particularly.,2025-06-09 14:51:00
725,147,61,3,Large fill citizen much drug soldier seven seven pattern range treatment.,2024-11-23 00:57:36
726,34,334,4,Something bar good tell after collection issue tree score let single idea action rest.,2024-03-05 11:15:08
727,119,101,5,None off reflect player it success image ten population feeling later major success relationship fish probably.,2023-12-25 23:30:41
728,58,417,4,Compare eat hundred manage century relate article item wear specific environment.,2025-01-31 15:18:56
729,186,381,4,Perform figure discuss off onto everyone table school public tend.,2025-07-21 17:38:08
730,97,459,3,Company light really free cup still step better determine after loss everyone.,2024-05-26 06:14:04
731,16,474,4,Together quickly anything worry institution big condition fall little effect plant much course standard church drop.,2024-08-10 14:28:03
732,73,134,2,Food authority answer eat car benefit agreement.,2025-05-18 16:02:46
733,96,98,3,Hand ground move material sound what environment young.,2023-12-25 20:20:17
734,60,148,4,Charge time stand push watch hotel author order choose spend task.,2024-02-25 10:00:46
735,64,35,4,Discussion song along main might only such state run though tough glass.,2025-06-14 05:58:02
736,120,294,4,Role financial which use wind pattern themselves body reality teach.,2024-07-16 03:22:15
737,106,426,5,Many building use it discover when place capital everyone early style issue.,2025-06-15 20:19:52
738,130,10,3,Care system provide their price through respond down capital them a job available.,2023-12-17 11:09:58
739,124,317,4,Child fire none history speak property information knowledge theory fill rate.,2025-05-06 06:19:04
740,52,13,3,Agency value among she also analysis trouble she individual benefit anyone describe chance.,2025-08-21 16:55:54
741,78,355,5,Modern newspaper Mrs debate exactly wind hospital boy voice never box whom list movie good.,2024-12-28 21:07:23
742,31,227,1,Usually us animal go along option free hundred news serve herself compare.,2023-12-11 19:49:00
743,181,454,4,Look choose major station right work both.,2025-04-17 15:33:41
744,10,160,3,Language place leader goal executive letter development right sit where develop.,2025-07-04 05:29:50
745,131,77,4,Page weight minute out pick now billion effort with parent daughter left bag.,2024-09-11 04:56:13
746,128,219,2,Enjoy along itself money rich last attention night several throw base fight issue go.,2025-03-01 03:44:51
747,96,455,3,Start debate field unit become any personal keep open chair rest care.,2024-12-30 06:56:02
748,19,129,2,Investment serve degree side region lot drop quality between manager newspaper board.,2025-07-15 04:40:47
749,182,334,4,Style blue executive lose child system century professor catch.,2024-09-01 10:26:03
750,110,438,5,Front agency around garden operation all year result program only nearly.,2024-04-25 08:50:40
751,76,298,4,Suggest husband leader minute long finally best Democrat dark soldier example moment significant arrive air.,2024-01-15 22:16:34
752,199,102,4,Development church film view worry man wind everyone join nothing which.,2024-09-30 19:36:02
753,18,496,5,Wrong including hold mention market crime between paper help certainly choice sing.,2025-03-19 23:10:16
754,115,52,5,Argue coach economic can to expert head sea later summer well continue bad.,2024-08-27 18:50:52
755,5,417,4,Nor analysis energy type surface coach television think activity attorney I analysis my boy conference.,2025-02-07 00:22:06
756,163,497,5,Maintain network side magazine pass on high create bar.,2024-03-03 08:39:03
757,105,303,2,Hospital follow necessary speech tax few choice certain son else new economy name hotel.,2025-05-30 16:42:35
758,89,276,3,Each left left feel among wall study the.,2025-10-24 15:53:37
759,68,78,4,All check quickly piece speech turn small page eat off according be enough us small.,2025-09-23 13:27:06
760,155,114,5,Nothing season store sport sound past safe suggest her price out thousand risk important.,2025-01-17 02:51:25
761,77,229,3,Face why determine bad behavior sense middle book tax talk.,2025-03-21 05:57:41
762,131,374,3,Fine we game beat region church player knowledge.,2025-02-13 07:57:12
763,176,83,4,Finally late maybe increase occur ever answer.,2025-10-16 09:05:11
764,105,333,4,Law fast stage learn defense against bit speak government treat even listen watch.,2024-03-12 15:03:47
765,41,108,4,Foreign with outside so lawyer environment development tax visit enter peace oil TV moment.,2023-11-18 02:02:46
766,88,423,2,Wall east blood director security your eye control picture white audience street admit cold service late.,2024-05-14 18:10:08
767,179,23,4,Reflect news girl understand however because student ball.,2025-01-02 19:55:41
768,130,157,1,Image forward imagine behind focus how home eye article kid week hundred outside theory her player.,2025-02-10 17:09:57
769,97,363,5,Opportunity meeting might level together east space agent approach throughout something about author main what.,2025-09-14 10:41:48
770,51,18,4,President finish traditional other speak staff various know billion use.,2024-01-11 14:11:31
771,161,8,4,Blood region institution appear already pattern color behavior expert beat will ground support.,2024-10-08 15:49:53
772,115,8,1,Evidence discussion program million professional room world understand hear class nothing board simply ago.,2024-04-27 04:22:23
773,199,227,5,Growth trade theory serious find reason one conference phone woman.,2024-04-29 18:22:56
774,145,147,4,Response whatever party positive lead billion lawyer which than shake reason choice media.,2025-05-25 14:58:56
775,74,414,1,Upon cultural second nice give moment tax wide during.,2025-03-12 02:51:06
776,91,28,1,Tend probably hold law begin red yard where event.,2024-04-19 03:17:29
777,19,107,4,Thus loss participant key almost accept hair political local.,2024-05-11 01:40:22
778,60,393,4,Leg by thing building carry agency recently onto partner various he enjoy.,2024-07-06 23:24:57
779,37,229,1,Decade or really language big fast with position guess above them out down.,2025-04-11 22:30:02
780,70,451,4,Little style between must house west on character focus.,2025-02-26 14:32:27
781,184,435,4,Forget perform community world according project six someone.,2024-02-09 11:40:45
782,13,335,5,Bar force available audience one court election education.,2025-07-06 07:15:39
783,133,354,3,Phone bank way talk ability pull new cause shake most field will strategy person share rather.,2025-10-06 05:17:43
784,32,467,4,System long cultural usually available enough energy by put want letter physical physical include too.,2024-08-22 23:58:51
785,176,318,1,Right audience catch write sign morning carry cause improve seek money worker.,2025-08-14 15:05:50
786,172,447,4,Business his point physical response stock choose including share real job.,2024-05-18 15:14:45
787,11,320,1,Medical first personal opportunity including leg event student challenge sit project require safe.,2025-04-09 17:52:48
788,187,291,5,Within cause tonight chance thought source source treatment company.,2025-10-04 23:35:23
789,151,160,4,Drive on painting person fly team view fine trade increase either feeling minute set eat two.,2025-03-18 09:05:40
790,183,350,5,Short role itself both will break finally wife determine international agency remain agency.,2025-01-24 15:59:45
791,84,73,1,Look subject fish girl push site argue policy home threat sister most upon appear.,2025-10-31 13:42:00
792,171,491,5,Officer read administration role west west life break condition right however right.,2024-05-01 06:12:25
793,57,457,5,Couple meet authority someone compare floor price operation week.,2024-11-13 00:37:43
794,129,315,5,Return wife someone crime store with system firm get nor.,2025-03-29 00:34:24
795,186,185,5,Effort later radio available look describe hot two activity.,2025-05-20 01:16:09
796,89,473,4,International which hotel president television bit civil way factor sure day air add amount huge.,2024-05-26 19:08:44
797,31,146,1,Sea meet certainly who pick yes next.,2024-12-16 07:46:10
798,197,362,2,Development training ten son always line respond modern bar PM director interview good try.,2025-01-11 08:06:34
799,76,61,5,Change able card ask last against far name effect pull join respond.,2024-11-29 20:12:25
800,178,144,4,Recently seven decide how at person room government before remember adult guy ball message peace read.,2025-07-04 04:19:20
